accession	organism	vclass	cell	detector_fires	n_pairs	n_within_locus	n_tandem	n_dispersed	s16_copies	s16_same_contig_copies	truth_duplicated	agreement
GCA_000699545.1	Podiceps cristatus	Aves	ITPR1	0	0	0	0	0	0	0	0	tn
GCA_000699545.1	Podiceps cristatus	Aves	ITPR2	0	0	0	0	0	0	0	0	tn
GCA_000699545.1	Podiceps cristatus	Aves	ITPR3	0	0	0	0	0	1	0	0	tn
GCA_000699545.1	Podiceps cristatus	Aves	RYR	0	0	0	0	0	0	0	0	tn
GCA_000699945.1	Cathartes aura	Aves	ITPR1	0	0	0	0	0	0	0	0	tn
GCA_000699945.1	Cathartes aura	Aves	ITPR2	0	0	0	0	0	0	0	0	tn
GCA_000699945.1	Cathartes aura	Aves	ITPR3	0	0	0	0	0	1	0	0	tn
GCA_000699945.1	Cathartes aura	Aves	RYR	0	0	0	0	0	0	0	0	tn
GCA_002197005.1	Cervus elaphus hippelaphus	Mammalia	ITPR1	0	0	0	0	0	1	0	0	tn
GCA_002197005.1	Cervus elaphus hippelaphus	Mammalia	ITPR2	0	0	0	0	0	1	0	0	tn
GCA_002197005.1	Cervus elaphus hippelaphus	Mammalia	ITPR3	0	0	0	0	0	0	0	0	tn
GCA_002197005.1	Cervus elaphus hippelaphus	Mammalia	RYR	1	15	0	0	15	3	0	1	tp
GCA_002844005.1	Limosa lapponica baueri	Aves	ITPR1	0	0	0	0	0	0	0	0	tn
GCA_002844005.1	Limosa lapponica baueri	Aves	ITPR2	0	0	0	0	0	0	0	0	tn
GCA_002844005.1	Limosa lapponica baueri	Aves	ITPR3	0	0	0	0	0	1	0	0	tn
GCA_002844005.1	Limosa lapponica baueri	Aves	RYR	1	5	0	0	5	2	0	1	tp
GCA_002909625.1	Bambusicola thoracicus	Aves	ITPR1	0	0	0	0	0	0	0	0	tn
GCA_002909625.1	Bambusicola thoracicus	Aves	ITPR2	0	0	0	0	0	0	0	0	tn
GCA_002909625.1	Bambusicola thoracicus	Aves	ITPR3	0	0	0	0	0	1	0	0	tn
GCA_002909625.1	Bambusicola thoracicus	Aves	RYR	0	0	0	0	0	0	0	0	tn
GCA_003113815.1	Sphenodon punctatus	Lepidosauria	ITPR1	0	0	0	0	0	1	0	0	tn
GCA_003113815.1	Sphenodon punctatus	Lepidosauria	ITPR2	0	0	0	0	0	1	0	0	tn
GCA_003113815.1	Sphenodon punctatus	Lepidosauria	ITPR3	0	0	0	0	0	1	0	0	tn
GCA_003113815.1	Sphenodon punctatus	Lepidosauria	RYR	1	13	0	0	13	3	0	1	tp
GCA_004320025.1	Laticauda laticaudata	Lepidosauria	ITPR1	0	0	0	0	0	1	0	0	tn
GCA_004320025.1	Laticauda laticaudata	Lepidosauria	ITPR2	0	0	0	0	0	1	0	0	tn
GCA_004320025.1	Laticauda laticaudata	Lepidosauria	ITPR3	0	0	0	0	0	1	0	0	tn
GCA_004320025.1	Laticauda laticaudata	Lepidosauria	RYR	1	3	0	0	3	1	0	0	fp
GCA_006937325.1	Anomalopteryx didiformis	Aves	ITPR1	0	0	0	0	0	1	0	0	tn
GCA_006937325.1	Anomalopteryx didiformis	Aves	ITPR2	0	0	0	0	0	1	0	0	tn
GCA_006937325.1	Anomalopteryx didiformis	Aves	ITPR3	0	0	0	0	0	1	0	0	tn
GCA_006937325.1	Anomalopteryx didiformis	Aves	RYR	0	0	0	0	0	2	0	1	fn
GCA_007760645.1	Sousa chinensis	Mammalia	ITPR1	0	0	0	0	0	1	0	0	tn
GCA_007760645.1	Sousa chinensis	Mammalia	ITPR2	0	0	0	0	0	1	0	0	tn
GCA_007760645.1	Sousa chinensis	Mammalia	ITPR3	0	0	0	0	0	1	0	0	tn
GCA_007760645.1	Sousa chinensis	Mammalia	RYR	1	13	0	0	13	3	0	1	tp
GCA_008658365.1	Alca torda	Aves	ITPR1	0	0	0	0	0	1	0	0	tn
GCA_008658365.1	Alca torda	Aves	ITPR2	0	0	0	0	0	1	0	0	tn
GCA_008658365.1	Alca torda	Aves	ITPR3	0	0	0	0	0	1	0	0	tn
GCA_008658365.1	Alca torda	Aves	RYR	1	5	0	0	5	2	0	1	tp
GCA_009769605.1	Bucorvus abyssinicus	Aves	ITPR1	0	0	0	0	0	1	0	0	tn
GCA_009769605.1	Bucorvus abyssinicus	Aves	ITPR2	0	0	0	0	0	1	0	0	tn
GCA_009769605.1	Bucorvus abyssinicus	Aves	ITPR3	0	0	0	0	0	1	0	0	tn
GCA_009769605.1	Bucorvus abyssinicus	Aves	RYR	1	5	0	0	5	2	0	1	tp
GCA_009819775.1	Phoenicopterus ruber ruber	Aves	ITPR1	0	0	0	0	0	1	0	0	tn
GCA_009819775.1	Phoenicopterus ruber ruber	Aves	ITPR2	0	0	0	0	0	1	0	0	tn
GCA_009819775.1	Phoenicopterus ruber ruber	Aves	ITPR3	0	0	0	0	0	1	0	0	tn
GCA_009819775.1	Phoenicopterus ruber ruber	Aves	RYR	1	5	0	0	5	2	0	1	tp
GCA_010411085.1	Cervus hanglu yarkandensis	Mammalia	ITPR1	0	0	0	0	0	1	0	0	tn
GCA_010411085.1	Cervus hanglu yarkandensis	Mammalia	ITPR2	0	0	0	0	0	1	0	0	tn
GCA_010411085.1	Cervus hanglu yarkandensis	Mammalia	ITPR3	0	0	0	0	0	1	0	0	tn
GCA_010411085.1	Cervus hanglu yarkandensis	Mammalia	RYR	1	13	0	0	13	3	0	1	tp
GCA_011823955.1	Dissostichus mawsoni	Actinopteri	ITPR1	1	27	0	0	27	2	1	1	tp
GCA_011823955.1	Dissostichus mawsoni	Actinopteri	ITPR2	0	0	0	0	0	1	0	0	tn
GCA_011823955.1	Dissostichus mawsoni	Actinopteri	ITPR3	0	0	0	0	0	1	0	0	tn
GCA_011823955.1	Dissostichus mawsoni	Actinopteri	RYR	1	63	0	0	63	6	0	1	tp
GCA_013389825.1	Crypturellus undulatus	Aves	ITPR1	0	0	0	0	0	1	0	0	tn
GCA_013389825.1	Crypturellus undulatus	Aves	ITPR2	0	0	0	0	0	1	0	0	tn
GCA_013389825.1	Crypturellus undulatus	Aves	ITPR3	0	0	0	0	0	0	0	0	tn
GCA_013389825.1	Crypturellus undulatus	Aves	RYR	1	5	0	0	5	2	0	1	tp
GCA_013389885.1	Geococcyx californianus	Aves	ITPR1	0	0	0	0	0	1	0	0	tn
GCA_013389885.1	Geococcyx californianus	Aves	ITPR2	0	0	0	0	0	0	0	0	tn
GCA_013389885.1	Geococcyx californianus	Aves	ITPR3	0	0	0	0	0	0	0	0	tn
GCA_013389885.1	Geococcyx californianus	Aves	RYR	1	4	0	0	4	2	0	1	tp
GCA_013389965.1	Todus mexicanus	Aves	ITPR1	0	0	0	0	0	0	0	0	tn
GCA_013389965.1	Todus mexicanus	Aves	ITPR2	0	0	0	0	0	0	0	0	tn
GCA_013389965.1	Todus mexicanus	Aves	ITPR3	0	0	0	0	0	1	0	0	tn
GCA_013389965.1	Todus mexicanus	Aves	RYR	0	0	0	0	0	1	0	0	tn
GCA_013389985.1	Dryoscopus gambensis	Aves	ITPR1	0	0	0	0	0	1	0	0	tn
GCA_013389985.1	Dryoscopus gambensis	Aves	ITPR2	0	0	0	0	0	1	0	0	tn
GCA_013389985.1	Dryoscopus gambensis	Aves	ITPR3	0	0	0	0	0	1	0	0	tn
GCA_013389985.1	Dryoscopus gambensis	Aves	RYR	0	0	0	0	0	0	0	0	tn
GCA_013390065.1	Chloropsis hardwickii	Aves	ITPR1	0	0	0	0	0	1	0	0	tn
GCA_013390065.1	Chloropsis hardwickii	Aves	ITPR2	0	0	0	0	0	1	0	0	tn
GCA_013390065.1	Chloropsis hardwickii	Aves	ITPR3	0	0	0	0	0	1	0	0	tn
GCA_013390065.1	Chloropsis hardwickii	Aves	RYR	1	5	0	0	5	2	0	1	tp
GCA_013390105.1	Tichodroma muraria	Aves	ITPR1	0	0	0	0	0	0	0	0	tn
GCA_013390105.1	Tichodroma muraria	Aves	ITPR2	0	0	0	0	0	0	0	0	tn
GCA_013390105.1	Tichodroma muraria	Aves	ITPR3	0	0	0	0	0	1	0	0	tn
GCA_013390105.1	Tichodroma muraria	Aves	RYR	0	0	0	0	0	0	0	0	tn
GCA_013396355.1	Menura novaehollandiae	Aves	ITPR1	0	0	0	0	0	1	0	0	tn
GCA_013396355.1	Menura novaehollandiae	Aves	ITPR2	0	0	0	0	0	1	0	0	tn
GCA_013396355.1	Menura novaehollandiae	Aves	ITPR3	0	0	0	0	0	1	0	0	tn
GCA_013396355.1	Menura novaehollandiae	Aves	RYR	1	5	0	0	5	2	0	1	tp
GCA_013396465.1	Smithornis capensis	Aves	ITPR1	0	0	0	0	0	1	0	0	tn
GCA_013396465.1	Smithornis capensis	Aves	ITPR2	0	0	0	0	0	1	0	0	tn
GCA_013396465.1	Smithornis capensis	Aves	ITPR3	0	0	0	0	0	1	0	0	tn
GCA_013396465.1	Smithornis capensis	Aves	RYR	1	5	0	0	5	2	0	1	tp
GCA_013396485.1	Ptilorrhoa leucosticta	Aves	ITPR1	0	0	0	0	0	1	0	0	tn
GCA_013396485.1	Ptilorrhoa leucosticta	Aves	ITPR2	0	0	0	0	0	1	0	0	tn
GCA_013396485.1	Ptilorrhoa leucosticta	Aves	ITPR3	0	0	0	0	0	1	0	0	tn
GCA_013396485.1	Ptilorrhoa leucosticta	Aves	RYR	1	5	0	0	5	2	0	1	tp
GCA_013396675.1	Eubucco bourcierii	Aves	ITPR1	0	0	0	0	0	1	0	0	tn
GCA_013396675.1	Eubucco bourcierii	Aves	ITPR2	0	0	0	0	0	1	0	0	tn
GCA_013396675.1	Eubucco bourcierii	Aves	ITPR3	0	0	0	0	0	1	0	0	tn
GCA_013396675.1	Eubucco bourcierii	Aves	RYR	1	8	0	0	8	2	0	1	tp
GCA_013396835.1	Psilopogon haemacephalus	Aves	ITPR1	0	0	0	0	0	1	0	0	tn
GCA_013396835.1	Psilopogon haemacephalus	Aves	ITPR2	0	0	0	0	0	1	0	0	tn
GCA_013396835.1	Psilopogon haemacephalus	Aves	ITPR3	0	0	0	0	0	1	0	0	tn
GCA_013396835.1	Psilopogon haemacephalus	Aves	RYR	1	5	0	0	5	2	0	1	tp
GCA_013396875.1	Vireo altiloquus	Aves	ITPR1	0	0	0	0	0	1	0	0	tn
GCA_013396875.1	Vireo altiloquus	Aves	ITPR2	0	0	0	0	0	1	0	0	tn
GCA_013396875.1	Vireo altiloquus	Aves	ITPR3	0	0	0	0	0	1	0	0	tn
GCA_013396875.1	Vireo altiloquus	Aves	RYR	1	5	0	0	5	2	0	1	tp
GCA_013396935.1	Baryphthengus martii	Aves	ITPR1	0	0	0	0	0	1	0	0	tn
GCA_013396935.1	Baryphthengus martii	Aves	ITPR2	0	0	0	0	0	1	0	0	tn
GCA_013396935.1	Baryphthengus martii	Aves	ITPR3	0	0	0	0	0	1	0	0	tn
GCA_013396935.1	Baryphthengus martii	Aves	RYR	1	3	0	0	3	0	0	0	fp
GCA_013396975.1	Bucco capensis	Aves	ITPR1	0	0	0	0	0	1	0	0	tn
GCA_013396975.1	Bucco capensis	Aves	ITPR2	0	0	0	0	0	0	0	0	tn
GCA_013396975.1	Bucco capensis	Aves	ITPR3	0	0	0	0	0	1	0	0	tn
GCA_013396975.1	Bucco capensis	Aves	RYR	1	7	0	0	7	1	0	0	fp
GCA_013397015.1	Myiagra hebetior	Aves	ITPR1	0	0	0	0	0	1	0	0	tn
GCA_013397015.1	Myiagra hebetior	Aves	ITPR2	0	0	0	0	0	1	0	0	tn
GCA_013397015.1	Myiagra hebetior	Aves	ITPR3	0	0	0	0	0	1	0	0	tn
GCA_013397015.1	Myiagra hebetior	Aves	RYR	1	5	0	0	5	2	0	1	tp
GCA_013397245.1	Thryothorus ludovicianus	Aves	ITPR1	0	0	0	0	0	1	0	0	tn
GCA_013397245.1	Thryothorus ludovicianus	Aves	ITPR2	0	0	0	0	0	1	0	0	tn
GCA_013397245.1	Thryothorus ludovicianus	Aves	ITPR3	0	0	0	0	0	1	0	0	tn
GCA_013397245.1	Thryothorus ludovicianus	Aves	RYR	1	4	0	0	4	2	0	1	tp
GCA_013397295.1	Polioptila caerulea	Aves	ITPR1	0	0	0	0	0	0	0	0	tn
GCA_013397295.1	Polioptila caerulea	Aves	ITPR2	0	0	0	0	0	1	0	0	tn
GCA_013397295.1	Polioptila caerulea	Aves	ITPR3	0	0	0	0	0	1	0	0	tn
GCA_013397295.1	Polioptila caerulea	Aves	RYR	1	5	0	0	5	2	0	1	tp
GCA_013397395.1	Sinosuthora webbiana	Aves	ITPR1	0	0	0	0	0	1	0	0	tn
GCA_013397395.1	Sinosuthora webbiana	Aves	ITPR2	0	0	0	0	0	1	0	0	tn
GCA_013397395.1	Sinosuthora webbiana	Aves	ITPR3	0	0	0	0	0	1	0	0	tn
GCA_013397395.1	Sinosuthora webbiana	Aves	RYR	1	5	0	0	5	2	0	1	tp
GCA_013397465.1	Furnarius figulus	Aves	ITPR1	0	0	0	0	0	1	0	0	tn
GCA_013397465.1	Furnarius figulus	Aves	ITPR2	0	0	0	0	0	1	0	0	tn
GCA_013397465.1	Furnarius figulus	Aves	ITPR3	0	0	0	0	0	1	0	0	tn
GCA_013397465.1	Furnarius figulus	Aves	RYR	0	0	0	0	0	1	0	0	tn
GCA_013397495.1	Mionectes macconnelli	Aves	ITPR1	0	0	0	0	0	1	0	0	tn
GCA_013397495.1	Mionectes macconnelli	Aves	ITPR2	0	0	0	0	0	1	0	0	tn
GCA_013397495.1	Mionectes macconnelli	Aves	ITPR3	0	0	0	0	0	0	0	0	tn
GCA_013397495.1	Mionectes macconnelli	Aves	RYR	1	5	0	0	5	2	0	1	tp
GCA_013397535.1	Pterocles burchelli	Aves	ITPR1	0	0	0	0	0	1	0	0	tn
GCA_013397535.1	Pterocles burchelli	Aves	ITPR2	0	0	0	0	0	1	0	0	tn
GCA_013397535.1	Pterocles burchelli	Aves	ITPR3	0	0	0	0	0	1	0	0	tn
GCA_013397535.1	Pterocles burchelli	Aves	RYR	0	0	0	0	0	1	0	0	tn
GCA_013397635.1	Columbina picui	Aves	ITPR1	0	0	0	0	0	1	0	0	tn
GCA_013397635.1	Columbina picui	Aves	ITPR2	0	0	0	0	0	1	0	0	tn
GCA_013397635.1	Columbina picui	Aves	ITPR3	0	0	0	0	0	0	0	0	tn
GCA_013397635.1	Columbina picui	Aves	RYR	1	5	0	0	5	2	0	1	tp
GCA_013397815.1	Aleadryas rufinucha	Aves	ITPR1	0	0	0	0	0	1	0	0	tn
GCA_013397815.1	Aleadryas rufinucha	Aves	ITPR2	0	0	0	0	0	1	0	0	tn
GCA_013397815.1	Aleadryas rufinucha	Aves	ITPR3	0	0	0	0	0	1	0	0	tn
GCA_013397815.1	Aleadryas rufinucha	Aves	RYR	1	5	0	0	5	2	0	1	tp
GCA_013397895.1	Origma solitaria	Aves	ITPR1	0	0	0	0	0	1	0	0	tn
GCA_013397895.1	Origma solitaria	Aves	ITPR2	0	0	0	0	0	1	0	0	tn
GCA_013397895.1	Origma solitaria	Aves	ITPR3	0	0	0	0	0	1	0	0	tn
GCA_013397895.1	Origma solitaria	Aves	RYR	1	5	0	0	5	2	0	1	tp
GCA_013397955.1	Grantiella picta	Aves	ITPR1	0	0	0	0	0	1	0	0	tn
GCA_013397955.1	Grantiella picta	Aves	ITPR2	0	0	0	0	0	1	0	0	tn
GCA_013397955.1	Grantiella picta	Aves	ITPR3	0	0	0	0	0	1	0	0	tn
GCA_013397955.1	Grantiella picta	Aves	RYR	1	5	0	0	5	2	0	1	tp
GCA_013398125.1	Aegotheles bennettii	Aves	ITPR1	0	0	0	0	0	1	0	0	tn
GCA_013398125.1	Aegotheles bennettii	Aves	ITPR2	0	0	0	0	0	1	0	0	tn
GCA_013398125.1	Aegotheles bennettii	Aves	ITPR3	0	0	0	0	0	1	0	0	tn
GCA_013398125.1	Aegotheles bennettii	Aves	RYR	1	5	0	0	5	2	0	1	tp
GCA_013398155.1	Pedionomus torquatus	Aves	ITPR1	0	0	0	0	0	1	0	0	tn
GCA_013398155.1	Pedionomus torquatus	Aves	ITPR2	0	0	0	0	0	1	0	0	tn
GCA_013398155.1	Pedionomus torquatus	Aves	ITPR3	0	0	0	0	0	1	0	0	tn
GCA_013398155.1	Pedionomus torquatus	Aves	RYR	0	0	0	0	0	1	0	0	tn
GCA_013398175.1	Climacteris rufus	Aves	ITPR1	0	0	0	0	0	1	0	0	tn
GCA_013398175.1	Climacteris rufus	Aves	ITPR2	0	0	0	0	0	1	0	0	tn
GCA_013398175.1	Climacteris rufus	Aves	ITPR3	0	0	0	0	0	1	0	0	tn
GCA_013398175.1	Climacteris rufus	Aves	RYR	1	5	0	0	5	2	0	1	tp
GCA_013398455.1	Loxia curvirostra	Aves	ITPR1	0	0	0	0	0	1	0	0	tn
GCA_013398455.1	Loxia curvirostra	Aves	ITPR2	0	0	0	0	0	1	0	0	tn
GCA_013398455.1	Loxia curvirostra	Aves	ITPR3	0	0	0	0	0	1	0	0	tn
GCA_013398455.1	Loxia curvirostra	Aves	RYR	1	5	0	0	5	2	0	1	tp
GCA_013398575.1	Certhia familiaris	Aves	ITPR1	0	0	0	0	0	1	0	0	tn
GCA_013398575.1	Certhia familiaris	Aves	ITPR2	0	0	0	0	0	1	0	0	tn
GCA_013398575.1	Certhia familiaris	Aves	ITPR3	0	0	0	0	0	1	0	0	tn
GCA_013398575.1	Certhia familiaris	Aves	RYR	1	5	0	0	5	2	0	1	tp
GCA_013398615.1	Brachypodius melanocephalos	Aves	ITPR1	0	0	0	0	0	1	0	0	tn
GCA_013398615.1	Brachypodius melanocephalos	Aves	ITPR2	0	0	0	0	0	1	0	0	tn
GCA_013398615.1	Brachypodius melanocephalos	Aves	ITPR3	0	0	0	0	0	1	0	0	tn
GCA_013398615.1	Brachypodius melanocephalos	Aves	RYR	1	5	0	0	5	2	0	1	tp
GCA_013398795.1	Elachura formosa	Aves	ITPR1	0	0	0	0	0	1	0	0	tn
GCA_013398795.1	Elachura formosa	Aves	ITPR2	0	0	0	0	0	1	0	0	tn
GCA_013398795.1	Elachura formosa	Aves	ITPR3	0	0	0	0	0	0	0	0	tn
GCA_013398795.1	Elachura formosa	Aves	RYR	1	5	0	0	5	2	0	1	tp
GCA_013398835.1	Emberiza fucata	Aves	ITPR1	0	0	0	0	0	1	0	0	tn
GCA_013398835.1	Emberiza fucata	Aves	ITPR2	0	0	0	0	0	1	0	0	tn
GCA_013398835.1	Emberiza fucata	Aves	ITPR3	0	0	0	0	0	1	0	0	tn
GCA_013398835.1	Emberiza fucata	Aves	RYR	1	5	0	0	5	2	0	1	tp
GCA_013398935.1	Ceuthmochares aereus	Aves	ITPR1	0	0	0	0	0	1	0	0	tn
GCA_013398935.1	Ceuthmochares aereus	Aves	ITPR2	0	0	0	0	0	1	0	0	tn
GCA_013398935.1	Ceuthmochares aereus	Aves	ITPR3	0	0	0	0	0	0	0	0	tn
GCA_013398935.1	Ceuthmochares aereus	Aves	RYR	1	1	0	0	1	2	0	1	tp
GCA_013398955.1	Callaeas wilsoni	Aves	ITPR1	0	0	0	0	0	1	0	0	tn
GCA_013398955.1	Callaeas wilsoni	Aves	ITPR2	0	0	0	0	0	1	0	0	tn
GCA_013398955.1	Callaeas wilsoni	Aves	ITPR3	0	0	0	0	0	1	0	0	tn
GCA_013398955.1	Callaeas wilsoni	Aves	RYR	1	5	0	0	5	2	0	1	tp
GCA_013398975.1	Catharus fuscescens	Aves	ITPR1	0	0	0	0	0	1	0	0	tn
GCA_013398975.1	Catharus fuscescens	Aves	ITPR2	0	0	0	0	0	1	0	0	tn
GCA_013398975.1	Catharus fuscescens	Aves	ITPR3	0	0	0	0	0	1	0	0	tn
GCA_013398975.1	Catharus fuscescens	Aves	RYR	1	5	0	0	5	2	0	1	tp
GCA_013399035.1	Quiscalus mexicanus	Aves	ITPR1	0	0	0	0	0	1	0	0	tn
GCA_013399035.1	Quiscalus mexicanus	Aves	ITPR2	0	0	0	0	0	1	0	0	tn
GCA_013399035.1	Quiscalus mexicanus	Aves	ITPR3	0	0	0	0	0	1	0	0	tn
GCA_013399035.1	Quiscalus mexicanus	Aves	RYR	1	5	0	0	5	2	0	1	tp
GCA_013399075.1	Chloroceryle aenea	Aves	ITPR1	0	0	0	0	0	1	0	0	tn
GCA_013399075.1	Chloroceryle aenea	Aves	ITPR2	0	0	0	0	0	1	0	0	tn
GCA_013399075.1	Chloroceryle aenea	Aves	ITPR3	0	0	0	0	0	1	0	0	tn
GCA_013399075.1	Chloroceryle aenea	Aves	RYR	0	0	0	0	0	1	0	0	tn
GCA_013399305.1	Rostratula benghalensis	Aves	ITPR1	0	0	0	0	0	1	0	0	tn
GCA_013399305.1	Rostratula benghalensis	Aves	ITPR2	0	0	0	0	0	1	0	0	tn
GCA_013399305.1	Rostratula benghalensis	Aves	ITPR3	0	0	0	0	0	1	0	0	tn
GCA_013399305.1	Rostratula benghalensis	Aves	RYR	1	5	0	0	5	2	0	1	tp
GCA_013399395.1	Nyctiprogne leucopyga	Aves	ITPR1	0	0	0	0	0	1	0	0	tn
GCA_013399395.1	Nyctiprogne leucopyga	Aves	ITPR2	0	0	0	0	0	1	0	0	tn
GCA_013399395.1	Nyctiprogne leucopyga	Aves	ITPR3	0	0	0	0	0	1	0	0	tn
GCA_013399395.1	Nyctiprogne leucopyga	Aves	RYR	0	0	0	0	0	0	0	0	tn
GCA_013399455.1	Anthoscopus minutus	Aves	ITPR1	0	0	0	0	0	1	0	0	tn
GCA_013399455.1	Anthoscopus minutus	Aves	ITPR2	0	0	0	0	0	1	0	0	tn
GCA_013399455.1	Anthoscopus minutus	Aves	ITPR3	0	0	0	0	0	1	0	0	tn
GCA_013399455.1	Anthoscopus minutus	Aves	RYR	0	0	0	0	0	1	0	0	tn
GCA_013399495.1	Corythaixoides concolor	Aves	ITPR1	0	0	0	0	0	1	0	0	tn
GCA_013399495.1	Corythaixoides concolor	Aves	ITPR2	0	0	0	0	0	1	0	0	tn
GCA_013399495.1	Corythaixoides concolor	Aves	ITPR3	0	0	0	0	0	1	0	0	tn
GCA_013399495.1	Corythaixoides concolor	Aves	RYR	0	0	0	0	0	1	0	0	tn
GCA_013399565.1	Podilymbus podiceps	Aves	ITPR1	0	0	0	0	0	1	0	0	tn
GCA_013399565.1	Podilymbus podiceps	Aves	ITPR2	0	0	0	0	0	1	0	0	tn
GCA_013399565.1	Podilymbus podiceps	Aves	ITPR3	0	0	0	0	0	1	0	0	tn
GCA_013399565.1	Podilymbus podiceps	Aves	RYR	1	5	0	0	5	2	0	1	tp
GCA_013399735.1	Tyrannus savana	Aves	ITPR1	0	0	0	0	0	1	0	0	tn
GCA_013399735.1	Tyrannus savana	Aves	ITPR2	0	0	0	0	0	1	0	0	tn
GCA_013399735.1	Tyrannus savana	Aves	ITPR3	0	0	0	0	0	1	0	0	tn
GCA_013399735.1	Tyrannus savana	Aves	RYR	1	8	0	0	8	2	0	1	tp
GCA_013399775.1	Semnornis frantzii	Aves	ITPR1	0	0	0	0	0	0	0	0	tn
GCA_013399775.1	Semnornis frantzii	Aves	ITPR2	0	0	0	0	0	0	0	0	tn
GCA_013399775.1	Semnornis frantzii	Aves	ITPR3	0	0	0	0	0	1	0	0	tn
GCA_013399775.1	Semnornis frantzii	Aves	RYR	0	0	0	0	0	0	0	0	tn
GCA_013399795.1	Zosterops hypoxanthus	Aves	ITPR1	0	0	0	0	0	1	0	0	tn
GCA_013399795.1	Zosterops hypoxanthus	Aves	ITPR2	0	0	0	0	0	1	0	0	tn
GCA_013399795.1	Zosterops hypoxanthus	Aves	ITPR3	0	0	0	0	0	1	0	0	tn
GCA_013399795.1	Zosterops hypoxanthus	Aves	RYR	1	16	0	0	16	3	0	1	tp
GCA_013399855.1	Oxyruncus cristatus	Aves	ITPR1	0	0	0	0	0	1	0	0	tn
GCA_013399855.1	Oxyruncus cristatus	Aves	ITPR2	0	0	0	0	0	1	0	0	tn
GCA_013399855.1	Oxyruncus cristatus	Aves	ITPR3	0	0	0	0	0	1	0	0	tn
GCA_013399855.1	Oxyruncus cristatus	Aves	RYR	1	6	0	0	6	2	0	1	tp
GCA_013399895.1	Serilophus lunatus	Aves	ITPR1	0	0	0	0	0	1	0	0	tn
GCA_013399895.1	Serilophus lunatus	Aves	ITPR2	0	0	0	0	0	1	0	0	tn
GCA_013399895.1	Serilophus lunatus	Aves	ITPR3	0	0	0	0	0	1	0	0	tn
GCA_013399895.1	Serilophus lunatus	Aves	RYR	1	5	0	0	5	2	0	1	tp
GCA_013400075.1	Hippolais icterina	Aves	ITPR1	0	0	0	0	0	1	0	0	tn
GCA_013400075.1	Hippolais icterina	Aves	ITPR2	0	0	0	0	0	1	0	0	tn
GCA_013400075.1	Hippolais icterina	Aves	ITPR3	0	0	0	0	0	1	0	0	tn
GCA_013400075.1	Hippolais icterina	Aves	RYR	1	3	0	0	3	2	0	1	tp
GCA_013400195.1	Aramus guarauna	Aves	ITPR1	0	0	0	0	0	1	0	0	tn
GCA_013400195.1	Aramus guarauna	Aves	ITPR2	0	0	0	0	0	1	0	0	tn
GCA_013400195.1	Aramus guarauna	Aves	ITPR3	0	0	0	0	0	1	0	0	tn
GCA_013400195.1	Aramus guarauna	Aves	RYR	1	5	0	0	5	2	0	1	tp
GCA_013400215.1	Cisticola juncidis	Aves	ITPR1	0	0	0	0	0	1	0	0	tn
GCA_013400215.1	Cisticola juncidis	Aves	ITPR2	0	0	0	0	0	1	0	0	tn
GCA_013400215.1	Cisticola juncidis	Aves	ITPR3	0	0	0	0	0	1	0	0	tn
GCA_013400215.1	Cisticola juncidis	Aves	RYR	1	5	0	0	5	2	0	1	tp
GCA_013400415.1	Scytalopus superciliaris	Aves	ITPR1	0	0	0	0	0	1	0	0	tn
GCA_013400415.1	Scytalopus superciliaris	Aves	ITPR2	0	0	0	0	0	1	0	0	tn
GCA_013400415.1	Scytalopus superciliaris	Aves	ITPR3	0	0	0	0	0	1	0	0	tn
GCA_013400415.1	Scytalopus superciliaris	Aves	RYR	1	6	0	0	6	2	0	1	tp
GCA_013400445.1	Leiothrix lutea	Aves	ITPR1	0	0	0	0	0	0	0	0	tn
GCA_013400445.1	Leiothrix lutea	Aves	ITPR2	0	0	0	0	0	1	0	0	tn
GCA_013400445.1	Leiothrix lutea	Aves	ITPR3	0	0	0	0	0	1	0	0	tn
GCA_013400445.1	Leiothrix lutea	Aves	RYR	1	3	0	0	3	2	0	1	tp
GCA_013400515.1	Erpornis zantholeuca	Aves	ITPR1	0	0	0	0	0	1	0	0	tn
GCA_013400515.1	Erpornis zantholeuca	Aves	ITPR2	0	0	0	0	0	1	0	0	tn
GCA_013400515.1	Erpornis zantholeuca	Aves	ITPR3	0	0	0	0	0	1	0	0	tn
GCA_013400515.1	Erpornis zantholeuca	Aves	RYR	0	0	0	0	0	0	0	0	tn
GCA_013400585.1	Chloropsis cyanopogon	Aves	ITPR1	0	0	0	0	0	1	0	0	tn
GCA_013400585.1	Chloropsis cyanopogon	Aves	ITPR2	0	0	0	0	0	1	0	0	tn
GCA_013400585.1	Chloropsis cyanopogon	Aves	ITPR3	0	0	0	0	0	1	0	0	tn
GCA_013400585.1	Chloropsis cyanopogon	Aves	RYR	0	0	0	0	0	0	0	0	tn
GCA_013400635.1	Hypocryptadius cinnamomeus	Aves	ITPR1	0	0	0	0	0	0	0	0	tn
GCA_013400635.1	Hypocryptadius cinnamomeus	Aves	ITPR2	0	0	0	0	0	0	0	0	tn
GCA_013400635.1	Hypocryptadius cinnamomeus	Aves	ITPR3	0	0	0	0	0	1	0	0	tn
GCA_013400635.1	Hypocryptadius cinnamomeus	Aves	RYR	0	0	0	0	0	0	0	0	tn
GCA_013400655.1	Mystacornis crossleyi	Aves	ITPR1	0	0	0	0	0	0	0	0	tn
GCA_013400655.1	Mystacornis crossleyi	Aves	ITPR2	0	0	0	0	0	1	0	0	tn
GCA_013400655.1	Mystacornis crossleyi	Aves	ITPR3	0	0	0	0	0	0	0	0	tn
GCA_013400655.1	Mystacornis crossleyi	Aves	RYR	0	0	0	0	0	0	0	0	tn
GCA_013400675.1	Oxylabes madagascariensis	Aves	ITPR1	0	0	0	0	0	0	0	0	tn
GCA_013400675.1	Oxylabes madagascariensis	Aves	ITPR2	0	0	0	0	0	0	0	0	tn
GCA_013400675.1	Oxylabes madagascariensis	Aves	ITPR3	0	0	0	0	0	0	0	0	tn
GCA_013400675.1	Oxylabes madagascariensis	Aves	RYR	0	0	0	0	0	0	0	0	tn
GCA_013400695.1	Neodrepanis coruscans	Aves	ITPR1	0	0	0	0	0	0	0	0	tn
GCA_013400695.1	Neodrepanis coruscans	Aves	ITPR2	0	0	0	0	0	0	0	0	tn
GCA_013400695.1	Neodrepanis coruscans	Aves	ITPR3	0	0	0	0	0	0	0	0	tn
GCA_013400695.1	Neodrepanis coruscans	Aves	RYR	0	0	0	0	0	0	0	0	tn
GCA_013400735.1	Pomatostomus ruficeps	Aves	ITPR1	0	0	0	0	0	0	0	0	tn
GCA_013400735.1	Pomatostomus ruficeps	Aves	ITPR2	0	0	0	0	0	1	0	0	tn
GCA_013400735.1	Pomatostomus ruficeps	Aves	ITPR3	0	0	0	0	0	1	0	0	tn
GCA_013400735.1	Pomatostomus ruficeps	Aves	RYR	0	0	0	0	0	0	0	0	tn
GCA_013400815.1	Centropus bengalensis	Aves	ITPR1	0	0	0	0	0	1	0	0	tn
GCA_013400815.1	Centropus bengalensis	Aves	ITPR2	0	0	0	0	0	1	0	0	tn
GCA_013400815.1	Centropus bengalensis	Aves	ITPR3	0	0	0	0	0	1	0	0	tn
GCA_013400815.1	Centropus bengalensis	Aves	RYR	1	5	0	0	5	2	0	1	tp
GCA_013400855.1	Buphagus erythrorhynchus	Aves	ITPR1	0	0	0	0	0	0	0	0	tn
GCA_013400855.1	Buphagus erythrorhynchus	Aves	ITPR2	0	0	0	0	0	1	0	0	tn
GCA_013400855.1	Buphagus erythrorhynchus	Aves	ITPR3	0	0	0	0	0	0	0	0	tn
GCA_013400855.1	Buphagus erythrorhynchus	Aves	RYR	0	0	0	0	0	0	0	0	tn
GCA_013400895.1	Thalassarche chlororhynchos	Aves	ITPR1	0	0	0	0	0	1	0	0	tn
GCA_013400895.1	Thalassarche chlororhynchos	Aves	ITPR2	0	0	0	0	0	0	0	0	tn
GCA_013400895.1	Thalassarche chlororhynchos	Aves	ITPR3	0	0	0	0	0	1	0	0	tn
GCA_013400895.1	Thalassarche chlororhynchos	Aves	RYR	0	0	0	0	0	0	0	0	tn
GCA_013400915.1	Pardalotus punctatus	Aves	ITPR1	0	0	0	0	0	0	0	0	tn
GCA_013400915.1	Pardalotus punctatus	Aves	ITPR2	0	0	0	0	0	0	0	0	tn
GCA_013400915.1	Pardalotus punctatus	Aves	ITPR3	0	0	0	0	0	1	0	0	tn
GCA_013400915.1	Pardalotus punctatus	Aves	RYR	1	5	0	0	5	2	0	1	tp
GCA_013400955.1	Drymodes brunneopygia	Aves	ITPR1	0	0	0	0	0	1	0	0	tn
GCA_013400955.1	Drymodes brunneopygia	Aves	ITPR2	0	0	0	0	0	1	0	0	tn
GCA_013400955.1	Drymodes brunneopygia	Aves	ITPR3	0	0	0	0	0	1	0	0	tn
GCA_013400955.1	Drymodes brunneopygia	Aves	RYR	0	0	0	0	0	1	0	0	tn
GCA_013400995.1	Oreotrochilus melanogaster	Aves	ITPR1	0	0	0	0	0	1	0	0	tn
GCA_013400995.1	Oreotrochilus melanogaster	Aves	ITPR2	0	0	0	0	0	1	0	0	tn
GCA_013400995.1	Oreotrochilus melanogaster	Aves	ITPR3	0	0	0	0	0	1	0	0	tn
GCA_013400995.1	Oreotrochilus melanogaster	Aves	RYR	1	8	0	0	8	2	0	1	tp
GCA_013401035.1	Horornis vulcanius	Aves	ITPR1	0	0	0	0	0	0	0	0	tn
GCA_013401035.1	Horornis vulcanius	Aves	ITPR2	0	0	0	0	0	0	0	0	tn
GCA_013401035.1	Horornis vulcanius	Aves	ITPR3	0	0	0	0	0	0	0	0	tn
GCA_013401035.1	Horornis vulcanius	Aves	RYR	0	0	0	0	0	0	0	0	tn
GCA_013401195.1	Pomatorhinus ruficollis	Aves	ITPR1	0	0	0	0	0	0	0	0	tn
GCA_013401195.1	Pomatorhinus ruficollis	Aves	ITPR2	0	0	0	0	0	1	0	0	tn
GCA_013401195.1	Pomatorhinus ruficollis	Aves	ITPR3	0	0	0	0	0	0	0	0	tn
GCA_013401195.1	Pomatorhinus ruficollis	Aves	RYR	1	5	0	0	5	2	0	1	tp
GCA_013401215.1	Atlantisia rogersi	Aves	ITPR1	0	0	0	0	0	1	0	0	tn
GCA_013401215.1	Atlantisia rogersi	Aves	ITPR2	0	0	0	0	0	0	0	0	tn
GCA_013401215.1	Atlantisia rogersi	Aves	ITPR3	0	0	0	0	0	1	0	0	tn
GCA_013401215.1	Atlantisia rogersi	Aves	RYR	1	4	0	0	4	0	0	0	fp
GCA_013401255.1	Urocolius indicus	Aves	ITPR1	0	0	0	0	0	1	0	0	tn
GCA_013401255.1	Urocolius indicus	Aves	ITPR2	0	0	0	0	0	1	0	0	tn
GCA_013401255.1	Urocolius indicus	Aves	ITPR3	0	0	0	0	0	1	0	0	tn
GCA_013401255.1	Urocolius indicus	Aves	RYR	1	5	0	0	5	2	0	1	tp
GCA_013401295.1	Glareola pratincola	Aves	ITPR1	0	0	0	0	0	1	0	0	tn
GCA_013401295.1	Glareola pratincola	Aves	ITPR2	0	0	0	0	0	1	0	0	tn
GCA_013401295.1	Glareola pratincola	Aves	ITPR3	0	0	0	0	0	1	0	0	tn
GCA_013401295.1	Glareola pratincola	Aves	RYR	1	5	0	0	5	2	0	1	tp
GCA_013401315.1	Balaeniceps rex	Aves	ITPR1	0	0	0	0	0	1	0	0	tn
GCA_013401315.1	Balaeniceps rex	Aves	ITPR2	0	0	0	0	0	0	0	0	tn
GCA_013401315.1	Balaeniceps rex	Aves	ITPR3	0	0	0	0	0	1	0	0	tn
GCA_013401315.1	Balaeniceps rex	Aves	RYR	0	0	0	0	0	0	0	0	tn
GCA_013401355.1	Ceyx cyanopectus	Aves	ITPR1	0	0	0	0	0	0	0	0	tn
GCA_013401355.1	Ceyx cyanopectus	Aves	ITPR2	0	0	0	0	0	1	0	0	tn
GCA_013401355.1	Ceyx cyanopectus	Aves	ITPR3	0	0	0	0	0	0	0	0	tn
GCA_013401355.1	Ceyx cyanopectus	Aves	RYR	0	0	0	0	0	0	0	0	tn
GCA_014281875.1	Nibea albiflora	Actinopteri	ITPR1	1	27	0	0	27	2	1	1	tp
GCA_014281875.1	Nibea albiflora	Actinopteri	ITPR2	0	0	0	0	0	1	0	0	tn
GCA_014281875.1	Nibea albiflora	Actinopteri	ITPR3	1	17	0	0	17	2	0	1	tp
GCA_014281875.1	Nibea albiflora	Actinopteri	RYR	1	67	0	0	67	6	0	1	tp
GCA_014363365.1	Leucopsar rothschildi	Aves	ITPR1	0	0	0	0	0	0	0	0	tn
GCA_014363365.1	Leucopsar rothschildi	Aves	ITPR2	0	0	0	0	0	1	0	0	tn
GCA_014363365.1	Leucopsar rothschildi	Aves	ITPR3	0	0	0	0	0	0	0	0	tn
GCA_014363365.1	Leucopsar rothschildi	Aves	RYR	1	10	0	0	10	2	0	1	tp
GCA_014839755.1	Sylvia borin	Aves	ITPR1	0	0	0	0	0	1	0	0	tn
GCA_014839755.1	Sylvia borin	Aves	ITPR2	0	0	0	0	0	1	0	0	tn
GCA_014839755.1	Sylvia borin	Aves	ITPR3	0	0	0	0	0	1	0	0	tn
GCA_014839755.1	Sylvia borin	Aves	RYR	1	13	0	0	13	3	0	1	tp
GCA_015883425.2	Lamprotornis superbus	Aves	ITPR1	0	0	0	0	0	1	0	0	tn
GCA_015883425.2	Lamprotornis superbus	Aves	ITPR2	0	0	0	0	0	1	0	0	tn
GCA_015883425.2	Lamprotornis superbus	Aves	ITPR3	0	0	0	0	0	1	0	0	tn
GCA_015883425.2	Lamprotornis superbus	Aves	RYR	1	5	0	0	5	2	0	1	tp
GCA_017639675.1	Aplochiton taeniatus	Actinopteri	ITPR1	0	0	0	0	0	1	0	0	tn
GCA_017639675.1	Aplochiton taeniatus	Actinopteri	ITPR2	0	0	0	0	0	1	0	0	tn
GCA_017639675.1	Aplochiton taeniatus	Actinopteri	ITPR3	0	0	0	0	0	1	0	0	tn
GCA_017639675.1	Aplochiton taeniatus	Actinopteri	RYR	1	64	0	0	64	6	0	1	tp
GCA_018340635.1	Bothrops jararaca	Lepidosauria	ITPR1	0	0	0	0	0	1	0	0	tn
GCA_018340635.1	Bothrops jararaca	Lepidosauria	ITPR2	0	0	0	0	0	0	0	0	tn
GCA_018340635.1	Bothrops jararaca	Lepidosauria	ITPR3	0	0	0	0	0	1	0	0	tn
GCA_018340635.1	Bothrops jararaca	Lepidosauria	RYR	0	0	0	0	0	1	0	0	tn
GCA_019447015.1	Hymenochirus boettgeri	Amphibia	ITPR1	0	0	0	0	0	1	0	0	tn
GCA_019447015.1	Hymenochirus boettgeri	Amphibia	ITPR2	0	0	0	0	0	1	0	0	tn
GCA_019447015.1	Hymenochirus boettgeri	Amphibia	ITPR3	0	0	0	0	0	1	0	0	tn
GCA_019447015.1	Hymenochirus boettgeri	Amphibia	RYR	1	7	0	0	7	2	1	1	tp
GCA_020745705.1	Hemiprocne comata	Aves	ITPR1	0	0	0	0	0	1	0	0	tn
GCA_020745705.1	Hemiprocne comata	Aves	ITPR2	0	0	0	0	0	1	0	0	tn
GCA_020745705.1	Hemiprocne comata	Aves	ITPR3	0	0	0	0	0	1	0	0	tn
GCA_020745705.1	Hemiprocne comata	Aves	RYR	1	5	0	0	5	2	0	1	tp
GCA_022829145.1	Albula goreensis	Actinopteri	ITPR1	1	28	0	0	28	2	0	1	tp
GCA_022829145.1	Albula goreensis	Actinopteri	ITPR2	0	0	0	0	0	1	0	0	tn
GCA_022829145.1	Albula goreensis	Actinopteri	ITPR3	0	0	0	0	0	1	0	0	tn
GCA_022829145.1	Albula goreensis	Actinopteri	RYR	1	43	0	0	43	5	0	1	tp
GCA_023764695.1	Pygathrix nigripes	Mammalia	ITPR1	0	0	0	0	0	1	0	0	tn
GCA_023764695.1	Pygathrix nigripes	Mammalia	ITPR2	0	0	0	0	0	1	0	0	tn
GCA_023764695.1	Pygathrix nigripes	Mammalia	ITPR3	0	0	0	0	0	1	0	0	tn
GCA_023764695.1	Pygathrix nigripes	Mammalia	RYR	1	13	0	0	13	3	0	1	tp
GCA_023974075.1	Chaenocephalus aceratus	Actinopteri	ITPR1	1	29	0	0	29	2	1	1	tp
GCA_023974075.1	Chaenocephalus aceratus	Actinopteri	ITPR2	0	0	0	0	0	1	0	0	tn
GCA_023974075.1	Chaenocephalus aceratus	Actinopteri	ITPR3	0	0	0	0	0	1	0	0	tn
GCA_023974075.1	Chaenocephalus aceratus	Actinopteri	RYR	1	68	0	0	68	6	0	1	tp
GCA_027704905.1	Muraenolepis orangiensis	Actinopteri	ITPR1	1	28	0	0	28	2	1	1	tp
GCA_027704905.1	Muraenolepis orangiensis	Actinopteri	ITPR2	0	0	0	0	0	1	0	0	tn
GCA_027704905.1	Muraenolepis orangiensis	Actinopteri	ITPR3	0	0	0	0	0	1	0	0	tn
GCA_027704905.1	Muraenolepis orangiensis	Actinopteri	RYR	1	64	0	0	64	6	1	1	tp
GCA_028571685.1	Heterohyrax brucei	Mammalia	ITPR1	0	0	0	0	0	1	0	0	tn
GCA_028571685.1	Heterohyrax brucei	Mammalia	ITPR2	0	0	0	0	0	1	0	0	tn
GCA_028571685.1	Heterohyrax brucei	Mammalia	ITPR3	0	0	0	0	0	1	0	0	tn
GCA_028571685.1	Heterohyrax brucei	Mammalia	RYR	1	13	0	0	13	3	0	1	tp
GCA_029706075.1	Aldrovandia affinis	Actinopteri	ITPR1	1	28	0	0	28	2	0	1	tp
GCA_029706075.1	Aldrovandia affinis	Actinopteri	ITPR2	0	0	0	0	0	1	0	0	tn
GCA_029706075.1	Aldrovandia affinis	Actinopteri	ITPR3	0	0	0	0	0	1	0	0	tn
GCA_029706075.1	Aldrovandia affinis	Actinopteri	RYR	1	43	0	0	43	5	0	1	tp
GCA_031216635.1	Dissostichus eleginoides	Actinopteri	ITPR1	1	27	0	0	27	2	1	1	tp
GCA_031216635.1	Dissostichus eleginoides	Actinopteri	ITPR2	0	0	0	0	0	1	0	0	tn
GCA_031216635.1	Dissostichus eleginoides	Actinopteri	ITPR3	0	0	0	0	0	1	0	0	tn
GCA_031216635.1	Dissostichus eleginoides	Actinopteri	RYR	1	56	0	0	56	6	0	1	tp
GCA_031835075.1	Saguinus oedipus	Mammalia	ITPR1	0	0	0	0	0	1	0	0	tn
GCA_031835075.1	Saguinus oedipus	Mammalia	ITPR2	0	0	0	0	0	1	0	0	tn
GCA_031835075.1	Saguinus oedipus	Mammalia	ITPR3	0	0	0	0	0	1	0	0	tn
GCA_031835075.1	Saguinus oedipus	Mammalia	RYR	1	13	0	0	13	3	0	1	tp
GCA_032275445.1	Crypturellus soui	Aves	ITPR1	0	0	0	0	0	1	0	0	tn
GCA_032275445.1	Crypturellus soui	Aves	ITPR2	0	0	0	0	0	1	0	0	tn
GCA_032275445.1	Crypturellus soui	Aves	ITPR3	0	0	0	0	0	1	0	0	tn
GCA_032275445.1	Crypturellus soui	Aves	RYR	1	5	0	0	5	2	0	1	tp
GCA_033238685.1	Lates japonicus	Actinopteri	ITPR1	1	1	0	0	1	2	0	1	tp
GCA_033238685.1	Lates japonicus	Actinopteri	ITPR2	0	0	0	0	0	1	0	0	tn
GCA_033238685.1	Lates japonicus	Actinopteri	ITPR3	1	55	0	0	55	3	0	1	tp
GCA_033238685.1	Lates japonicus	Actinopteri	RYR	1	54	0	0	54	6	0	1	tp
GCA_035590135.1	Circaetus pectoralis	Aves	ITPR1	0	0	0	0	0	1	0	0	tn
GCA_035590135.1	Circaetus pectoralis	Aves	ITPR2	0	0	0	0	0	1	0	0	tn
GCA_035590135.1	Circaetus pectoralis	Aves	ITPR3	0	0	0	0	0	1	0	0	tn
GCA_035590135.1	Circaetus pectoralis	Aves	RYR	1	11	0	0	11	3	0	1	tp
GCA_036247105.2	Cirrhinus mrigala	Actinopteri	ITPR1	1	27	0	0	27	2	0	1	tp
GCA_036247105.2	Cirrhinus mrigala	Actinopteri	ITPR2	0	0	0	0	0	1	0	0	tn
GCA_036247105.2	Cirrhinus mrigala	Actinopteri	ITPR3	0	0	0	0	0	1	0	0	tn
GCA_036247105.2	Cirrhinus mrigala	Actinopteri	RYR	1	48	0	0	48	6	1	1	tp
GCA_036250305.1	Ataeniobius toweri	Actinopteri	ITPR1	1	29	0	0	29	0	0	0	fp
GCA_036250305.1	Ataeniobius toweri	Actinopteri	ITPR2	0	0	0	0	0	0	0	0	tn
GCA_036250305.1	Ataeniobius toweri	Actinopteri	ITPR3	0	0	0	0	0	1	0	0	tn
GCA_036250305.1	Ataeniobius toweri	Actinopteri	RYR	1	13	0	0	13	3	0	1	tp
GCA_036250325.1	Characodon lateralis	Actinopteri	ITPR1	1	11	0	0	11	0	0	0	fp
GCA_036250325.1	Characodon lateralis	Actinopteri	ITPR2	0	0	0	0	0	1	0	0	tn
GCA_036250325.1	Characodon lateralis	Actinopteri	ITPR3	0	0	0	0	0	0	0	0	tn
GCA_036250325.1	Characodon lateralis	Actinopteri	RYR	1	18	0	0	18	0	0	0	fp
GCA_040091285.1	Ameca splendens	Actinopteri	ITPR1	1	29	0	0	29	0	0	0	fp
GCA_040091285.1	Ameca splendens	Actinopteri	ITPR2	0	0	0	0	0	0	0	0	tn
GCA_040091285.1	Ameca splendens	Actinopteri	ITPR3	0	0	0	0	0	0	0	0	tn
GCA_040091285.1	Ameca splendens	Actinopteri	RYR	1	4	0	0	4	1	0	0	fp
GCA_040091305.1	Ilyodon furcidens	Actinopteri	ITPR1	1	30	0	0	30	0	0	0	fp
GCA_040091305.1	Ilyodon furcidens	Actinopteri	ITPR2	0	0	0	0	0	0	0	0	tn
GCA_040091305.1	Ilyodon furcidens	Actinopteri	ITPR3	0	0	0	0	0	0	0	0	tn
GCA_040091305.1	Ilyodon furcidens	Actinopteri	RYR	1	8	0	0	8	0	0	0	fp
GCA_040091325.1	Goodea atripinnis	Actinopteri	ITPR1	1	30	0	0	30	0	0	0	fp
GCA_040091325.1	Goodea atripinnis	Actinopteri	ITPR2	0	0	0	0	0	0	0	0	tn
GCA_040091325.1	Goodea atripinnis	Actinopteri	ITPR3	0	0	0	0	0	0	0	0	tn
GCA_040091325.1	Goodea atripinnis	Actinopteri	RYR	1	18	0	0	18	1	0	0	fp
GCA_040091335.1	Xenoophorus captivus	Actinopteri	ITPR1	0	0	0	0	0	0	0	0	tn
GCA_040091335.1	Xenoophorus captivus	Actinopteri	ITPR2	0	0	0	0	0	1	0	0	tn
GCA_040091335.1	Xenoophorus captivus	Actinopteri	ITPR3	0	0	0	0	0	0	0	0	tn
GCA_040091335.1	Xenoophorus captivus	Actinopteri	RYR	1	5	0	0	5	1	0	0	fp
GCA_040091345.1	Xenotaenia resolanae	Actinopteri	ITPR1	1	29	0	0	29	0	0	0	fp
GCA_040091345.1	Xenotaenia resolanae	Actinopteri	ITPR2	0	0	0	0	0	0	0	0	tn
GCA_040091345.1	Xenotaenia resolanae	Actinopteri	ITPR3	0	0	0	0	0	1	0	0	tn
GCA_040091345.1	Xenotaenia resolanae	Actinopteri	RYR	1	11	0	0	11	1	0	0	fp
GCA_043380575.1	Atractosteus spatula	Actinopteri	ITPR1	0	0	0	0	0	1	0	0	tn
GCA_043380575.1	Atractosteus spatula	Actinopteri	ITPR2	0	0	0	0	0	1	0	0	tn
GCA_043380575.1	Atractosteus spatula	Actinopteri	ITPR3	0	0	0	0	0	1	0	0	tn
GCA_043380575.1	Atractosteus spatula	Actinopteri	RYR	1	15	0	0	15	3	0	1	tp
GCA_046255725.1	Amblyopsis spelaea	Actinopteri	ITPR1	1	29	0	29	0	2	1	1	tp
GCA_046255725.1	Amblyopsis spelaea	Actinopteri	ITPR2	0	0	0	0	0	1	0	0	tn
GCA_046255725.1	Amblyopsis spelaea	Actinopteri	ITPR3	0	0	0	0	0	1	0	0	tn
GCA_046255725.1	Amblyopsis spelaea	Actinopteri	RYR	1	76	0	0	76	6	0	1	tp
GCA_047511595.1	Polymixia lowei	Actinopteri	ITPR1	1	27	0	0	27	2	1	1	tp
GCA_047511595.1	Polymixia lowei	Actinopteri	ITPR2	0	0	0	0	0	1	0	0	tn
GCA_047511595.1	Polymixia lowei	Actinopteri	ITPR3	0	0	0	0	0	1	0	0	tn
GCA_047511595.1	Polymixia lowei	Actinopteri	RYR	1	59	0	0	59	6	0	1	tp
GCA_048126345.2	Notoryctes typhlops	Mammalia	ITPR1	0	0	0	0	0	1	0	0	tn
GCA_048126345.2	Notoryctes typhlops	Mammalia	ITPR2	0	0	0	0	0	1	0	0	tn
GCA_048126345.2	Notoryctes typhlops	Mammalia	ITPR3	0	0	0	0	0	1	0	0	tn
GCA_048126345.2	Notoryctes typhlops	Mammalia	RYR	1	13	0	0	13	3	0	1	tp
GCA_048569125.1	Diretmus argenteus	Actinopteri	ITPR1	1	27	0	0	27	2	1	1	tp
GCA_048569125.1	Diretmus argenteus	Actinopteri	ITPR2	1	17	0	17	0	2	1	1	tp
GCA_048569125.1	Diretmus argenteus	Actinopteri	ITPR3	0	0	0	0	0	1	0	0	tn
GCA_048569125.1	Diretmus argenteus	Actinopteri	RYR	1	53	0	0	53	6	0	1	tp
GCA_050084785.1	Liparis tanakae	Actinopteri	ITPR1	1	28	0	0	28	2	1	1	tp
GCA_050084785.1	Liparis tanakae	Actinopteri	ITPR2	0	0	0	0	0	1	0	0	tn
GCA_050084785.1	Liparis tanakae	Actinopteri	ITPR3	0	0	0	0	0	1	0	0	tn
GCA_050084785.1	Liparis tanakae	Actinopteri	RYR	1	59	0	0	59	6	0	1	tp
GCA_051992705.1	Lepidogalaxias salamandroides	Actinopteri	ITPR1	0	0	0	0	0	0	0	0	tn
GCA_051992705.1	Lepidogalaxias salamandroides	Actinopteri	ITPR2	0	0	0	0	0	0	0	0	tn
GCA_051992705.1	Lepidogalaxias salamandroides	Actinopteri	ITPR3	0	0	0	0	0	0	0	0	tn
GCA_051992705.1	Lepidogalaxias salamandroides	Actinopteri	RYR	1	8	0	0	8	0	0	0	fp
GCA_054084135.1	Copsychus sechellarum	Aves	ITPR1	0	0	0	0	0	1	0	0	tn
GCA_054084135.1	Copsychus sechellarum	Aves	ITPR2	0	0	0	0	0	1	0	0	tn
GCA_054084135.1	Copsychus sechellarum	Aves	ITPR3	0	0	0	0	0	1	0	0	tn
GCA_054084135.1	Copsychus sechellarum	Aves	RYR	1	5	0	0	5	2	0	1	tp
GCA_054099775.1	Steatornis caripensis	Aves	ITPR1	0	0	0	0	0	1	0	0	tn
GCA_054099775.1	Steatornis caripensis	Aves	ITPR2	0	0	0	0	0	1	0	0	tn
GCA_054099775.1	Steatornis caripensis	Aves	ITPR3	0	0	0	0	0	1	0	0	tn
GCA_054099775.1	Steatornis caripensis	Aves	RYR	1	5	0	0	5	2	0	1	tp
GCA_054644205.1	Lestoros inca	Mammalia	ITPR1	0	0	0	0	0	1	0	0	tn
GCA_054644205.1	Lestoros inca	Mammalia	ITPR2	0	0	0	0	0	1	0	0	tn
GCA_054644205.1	Lestoros inca	Mammalia	ITPR3	0	0	0	0	0	1	0	0	tn
GCA_054644205.1	Lestoros inca	Mammalia	RYR	1	13	0	0	13	3	0	1	tp
GCA_054883175.1	Datnioides polota	Actinopteri	ITPR1	1	27	0	0	27	2	1	1	tp
GCA_054883175.1	Datnioides polota	Actinopteri	ITPR2	0	0	0	0	0	1	0	0	tn
GCA_054883175.1	Datnioides polota	Actinopteri	ITPR3	0	0	0	0	0	1	0	0	tn
GCA_054883175.1	Datnioides polota	Actinopteri	RYR	1	75	0	0	75	6	0	1	tp
GCA_054883375.1	Arapaima gigas	Actinopteri	ITPR1	1	28	0	0	28	2	1	1	tp
GCA_054883375.1	Arapaima gigas	Actinopteri	ITPR2	0	0	0	0	0	1	0	0	tn
GCA_054883375.1	Arapaima gigas	Actinopteri	ITPR3	0	0	0	0	0	1	0	0	tn
GCA_054883375.1	Arapaima gigas	Actinopteri	RYR	1	27	0	0	27	4	0	1	tp
GCA_056506795.1	Pristigenys meyeri	Actinopteri	ITPR1	1	27	0	0	27	2	1	1	tp
GCA_056506795.1	Pristigenys meyeri	Actinopteri	ITPR2	0	0	0	0	0	1	0	0	tn
GCA_056506795.1	Pristigenys meyeri	Actinopteri	ITPR3	0	0	0	0	0	1	0	0	tn
GCA_056506795.1	Pristigenys meyeri	Actinopteri	RYR	1	75	0	0	75	6	0	1	tp
GCA_056776345.1	Spizella passerina	Aves	ITPR1	0	0	0	0	0	1	0	0	tn
GCA_056776345.1	Spizella passerina	Aves	ITPR2	0	0	0	0	0	1	0	0	tn
GCA_056776345.1	Spizella passerina	Aves	ITPR3	0	0	0	0	0	1	0	0	tn
GCA_056776345.1	Spizella passerina	Aves	RYR	1	13	0	0	13	3	0	1	tp
GCA_056783565.1	Hiodon alosoides	Actinopteri	ITPR1	1	28	0	0	28	2	0	1	tp
GCA_056783565.1	Hiodon alosoides	Actinopteri	ITPR2	1	17	0	0	17	2	0	1	tp
GCA_056783565.1	Hiodon alosoides	Actinopteri	ITPR3	0	0	0	0	0	1	0	0	tn
GCA_056783565.1	Hiodon alosoides	Actinopteri	RYR	1	26	0	0	26	4	0	1	tp
GCA_056783665.1	Albula glossodonta	Actinopteri	ITPR1	1	28	0	0	28	2	0	1	tp
GCA_056783665.1	Albula glossodonta	Actinopteri	ITPR2	0	0	0	0	0	1	0	0	tn
GCA_056783665.1	Albula glossodonta	Actinopteri	ITPR3	0	0	0	0	0	1	0	0	tn
GCA_056783665.1	Albula glossodonta	Actinopteri	RYR	1	43	0	0	43	5	0	1	tp
GCA_056824565.1	Stylephorus chordatus	Actinopteri	ITPR1	1	29	0	0	29	2	0	1	tp
GCA_056824565.1	Stylephorus chordatus	Actinopteri	ITPR2	0	0	0	0	0	1	0	0	tn
GCA_056824565.1	Stylephorus chordatus	Actinopteri	ITPR3	0	0	0	0	0	1	0	0	tn
GCA_056824565.1	Stylephorus chordatus	Actinopteri	RYR	1	67	0	0	67	6	0	1	tp
GCA_056824585.1	Alepocephalus tenebrosus	Actinopteri	ITPR1	1	28	0	0	28	2	1	1	tp
GCA_056824585.1	Alepocephalus tenebrosus	Actinopteri	ITPR2	0	0	0	0	0	1	0	0	tn
GCA_056824585.1	Alepocephalus tenebrosus	Actinopteri	ITPR3	0	0	0	0	0	1	0	0	tn
GCA_056824585.1	Alepocephalus tenebrosus	Actinopteri	RYR	1	44	0	0	44	6	1	1	tp
GCA_057876775.1	Echinorhinus cookei	Chondrichthyes	ITPR1	0	0	0	0	0	1	0	0	tn
GCA_057876775.1	Echinorhinus cookei	Chondrichthyes	ITPR2	0	0	0	0	0	1	0	0	tn
GCA_057876775.1	Echinorhinus cookei	Chondrichthyes	ITPR3	0	0	0	0	0	1	0	0	tn
GCA_057876775.1	Echinorhinus cookei	Chondrichthyes	RYR	1	16	0	0	16	3	0	1	tp
GCA_058224745.1	Acrocephalus arundinaceus	Aves	ITPR1	0	0	0	0	0	1	0	0	tn
GCA_058224745.1	Acrocephalus arundinaceus	Aves	ITPR2	0	0	0	0	0	1	0	0	tn
GCA_058224745.1	Acrocephalus arundinaceus	Aves	ITPR3	0	0	0	0	0	1	0	0	tn
GCA_058224745.1	Acrocephalus arundinaceus	Aves	RYR	1	13	0	0	13	3	0	1	tp
GCA_058707665.1	Platax teira	Actinopteri	ITPR1	1	27	0	0	27	2	1	1	tp
GCA_058707665.1	Platax teira	Actinopteri	ITPR2	0	0	0	0	0	1	0	0	tn
GCA_058707665.1	Platax teira	Actinopteri	ITPR3	0	0	0	0	0	1	0	0	tn
GCA_058707665.1	Platax teira	Actinopteri	RYR	1	67	0	0	67	6	0	1	tp
GCA_900312595.1	Guentherus altivela	Actinopteri	ITPR1	0	0	0	0	0	0	0	0	tn
GCA_900312595.1	Guentherus altivela	Actinopteri	ITPR2	0	0	0	0	0	0	0	0	tn
GCA_900312595.1	Guentherus altivela	Actinopteri	ITPR3	0	0	0	0	0	0	0	0	tn
GCA_900312595.1	Guentherus altivela	Actinopteri	RYR	0	0	0	0	0	0	0	0	tn
GCA_951230385.1	Staurois parvus	Amphibia	ITPR1	0	0	0	0	0	1	0	0	tn
GCA_951230385.1	Staurois parvus	Amphibia	ITPR2	0	0	0	0	0	1	0	0	tn
GCA_951230385.1	Staurois parvus	Amphibia	ITPR3	0	0	0	0	0	1	0	0	tn
GCA_951230385.1	Staurois parvus	Amphibia	RYR	0	0	0	0	0	1	0	0	tn
GCA_965364685.1	Capros aper	Actinopteri	ITPR1	1	27	0	0	27	2	1	1	tp
GCA_965364685.1	Capros aper	Actinopteri	ITPR2	0	0	0	0	0	1	0	0	tn
GCA_965364685.1	Capros aper	Actinopteri	ITPR3	0	0	0	0	0	1	0	0	tn
GCA_965364685.1	Capros aper	Actinopteri	RYR	1	63	0	0	63	6	0	1	tp
GCA_980438365.1	Acanthurus tractus	Actinopteri	ITPR1	1	27	0	0	27	2	1	1	tp
GCA_980438365.1	Acanthurus tractus	Actinopteri	ITPR2	0	0	0	0	0	1	0	0	tn
GCA_980438365.1	Acanthurus tractus	Actinopteri	ITPR3	0	0	0	0	0	1	0	0	tn
GCA_980438365.1	Acanthurus tractus	Actinopteri	RYR	1	78	0	0	78	6	0	1	tp
GCA_984656905.1	Parequula melbournensis	Actinopteri	ITPR1	1	27	0	0	27	2	1	1	tp
GCA_984656905.1	Parequula melbournensis	Actinopteri	ITPR2	0	0	0	0	0	1	0	0	tn
GCA_984656905.1	Parequula melbournensis	Actinopteri	ITPR3	0	0	0	0	0	1	0	0	tn
GCA_984656905.1	Parequula melbournensis	Actinopteri	RYR	1	67	0	0	67	6	0	1	tp
GCA_987193245.1	Pontoporia blainvillei	Mammalia	ITPR1	0	0	0	0	0	1	0	0	tn
GCA_987193245.1	Pontoporia blainvillei	Mammalia	ITPR2	0	0	0	0	0	1	0	0	tn
GCA_987193245.1	Pontoporia blainvillei	Mammalia	ITPR3	0	0	0	0	0	1	0	0	tn
GCA_987193245.1	Pontoporia blainvillei	Mammalia	RYR	1	13	0	0	13	3	0	1	tp
GCF_000001405.40	Homo sapiens	Mammalia	ITPR1	0	0	0	0	0	1	0	0	tn
GCF_000001405.40	Homo sapiens	Mammalia	ITPR2	0	0	0	0	0	1	0	0	tn
GCF_000001405.40	Homo sapiens	Mammalia	ITPR3	0	0	0	0	0	1	0	0	tn
GCF_000001405.40	Homo sapiens	Mammalia	RYR	1	13	0	0	13	3	0	1	tp
GCF_000001635.27	Mus musculus	Mammalia	ITPR1	0	0	0	0	0	1	0	0	tn
GCF_000001635.27	Mus musculus	Mammalia	ITPR2	0	0	0	0	0	1	0	0	tn
GCF_000001635.27	Mus musculus	Mammalia	ITPR3	0	0	0	0	0	1	0	0	tn
GCF_000001635.27	Mus musculus	Mammalia	RYR	1	13	0	0	13	3	0	1	tp
GCF_000004195.4	Xenopus tropicalis	Amphibia	ITPR1	0	0	0	0	0	1	0	0	tn
GCF_000004195.4	Xenopus tropicalis	Amphibia	ITPR2	0	0	0	0	0	1	0	0	tn
GCF_000004195.4	Xenopus tropicalis	Amphibia	ITPR3	0	0	0	0	0	1	0	0	tn
GCF_000004195.4	Xenopus tropicalis	Amphibia	RYR	1	7	0	0	7	2	1	1	tp
GCF_000243295.1	Trichechus manatus latirostris	Mammalia	ITPR1	0	0	0	0	0	1	0	0	tn
GCF_000243295.1	Trichechus manatus latirostris	Mammalia	ITPR2	0	0	0	0	0	1	0	0	tn
GCF_000243295.1	Trichechus manatus latirostris	Mammalia	ITPR3	0	0	0	0	0	1	0	0	tn
GCF_000243295.1	Trichechus manatus latirostris	Mammalia	RYR	1	13	0	0	13	3	0	1	tp
GCF_000298275.1	Orycteropus afer afer	Mammalia	ITPR1	0	0	0	0	0	1	0	0	tn
GCF_000298275.1	Orycteropus afer afer	Mammalia	ITPR2	0	0	0	0	0	1	0	0	tn
GCF_000298275.1	Orycteropus afer afer	Mammalia	ITPR3	0	0	0	0	0	1	0	0	tn
GCF_000298275.1	Orycteropus afer afer	Mammalia	RYR	1	13	0	0	13	3	0	1	tp
GCF_000299155.1	Elephantulus edwardii	Mammalia	ITPR1	0	0	0	0	0	1	0	0	tn
GCF_000299155.1	Elephantulus edwardii	Mammalia	ITPR2	0	0	0	0	0	1	0	0	tn
GCF_000299155.1	Elephantulus edwardii	Mammalia	ITPR3	0	0	0	0	0	1	0	0	tn
GCF_000299155.1	Elephantulus edwardii	Mammalia	RYR	1	13	0	0	13	3	0	1	tp
GCF_000334495.1	Tupaia belangeri chinensis	Mammalia	ITPR1	0	0	0	0	0	1	0	0	tn
GCF_000334495.1	Tupaia belangeri chinensis	Mammalia	ITPR2	0	0	0	0	0	1	0	0	tn
GCF_000334495.1	Tupaia belangeri chinensis	Mammalia	ITPR3	0	0	0	0	0	1	0	0	tn
GCF_000334495.1	Tupaia belangeri chinensis	Mammalia	RYR	1	5	0	0	5	2	0	1	tp
GCF_000687185.1	Egretta garzetta	Aves	ITPR1	0	0	0	0	0	1	0	0	tn
GCF_000687185.1	Egretta garzetta	Aves	ITPR2	0	0	0	0	0	1	0	0	tn
GCF_000687185.1	Egretta garzetta	Aves	ITPR3	0	0	0	0	0	1	0	0	tn
GCF_000687185.1	Egretta garzetta	Aves	RYR	1	4	0	0	4	2	0	1	tp
GCF_000687285.1	Phaethon lepturus	Aves	ITPR1	0	0	0	0	0	1	0	0	tn
GCF_000687285.1	Phaethon lepturus	Aves	ITPR2	0	0	0	0	0	0	0	0	tn
GCF_000687285.1	Phaethon lepturus	Aves	ITPR3	0	0	0	0	0	1	0	0	tn
GCF_000687285.1	Phaethon lepturus	Aves	RYR	0	0	0	0	0	1	0	0	tn
GCF_000690535.1	Cariama cristata	Aves	ITPR1	0	0	0	0	0	1	0	0	tn
GCF_000690535.1	Cariama cristata	Aves	ITPR2	0	0	0	0	0	0	0	0	tn
GCF_000690535.1	Cariama cristata	Aves	ITPR3	0	0	0	0	0	1	0	0	tn
GCF_000690535.1	Cariama cristata	Aves	RYR	0	0	0	0	0	1	0	0	tn
GCF_000690775.1	Eurypyga helias	Aves	ITPR1	0	0	0	0	0	1	0	0	tn
GCF_000690775.1	Eurypyga helias	Aves	ITPR2	0	0	0	0	0	0	0	0	tn
GCF_000690775.1	Eurypyga helias	Aves	ITPR3	0	0	0	0	0	1	0	0	tn
GCF_000690775.1	Eurypyga helias	Aves	RYR	1	4	0	0	4	0	0	0	fp
GCF_000690835.1	Fulmarus glacialis	Aves	ITPR1	0	0	0	0	0	1	0	0	tn
GCF_000690835.1	Fulmarus glacialis	Aves	ITPR2	0	0	0	0	0	0	0	0	tn
GCF_000690835.1	Fulmarus glacialis	Aves	ITPR3	0	0	0	0	0	1	0	0	tn
GCF_000690835.1	Fulmarus glacialis	Aves	RYR	0	0	0	0	0	0	0	0	tn
GCF_000691845.1	Merops nubicus	Aves	ITPR1	0	0	0	0	0	0	0	0	tn
GCF_000691845.1	Merops nubicus	Aves	ITPR2	0	0	0	0	0	0	0	0	tn
GCF_000691845.1	Merops nubicus	Aves	ITPR3	0	0	0	0	0	1	0	0	tn
GCF_000691845.1	Merops nubicus	Aves	RYR	1	7	0	0	7	2	0	1	tp
GCF_000691975.1	Corvus brachyrhynchos	Aves	ITPR1	0	0	0	0	0	1	0	0	tn
GCF_000691975.1	Corvus brachyrhynchos	Aves	ITPR2	0	0	0	0	0	1	0	0	tn
GCF_000691975.1	Corvus brachyrhynchos	Aves	ITPR3	0	0	0	0	0	1	0	0	tn
GCF_000691975.1	Corvus brachyrhynchos	Aves	RYR	1	4	0	0	4	2	0	1	tp
GCF_000695765.1	Mesitornis unicolor	Aves	ITPR1	0	0	0	0	0	1	0	0	tn
GCF_000695765.1	Mesitornis unicolor	Aves	ITPR2	0	0	0	0	0	1	0	0	tn
GCF_000695765.1	Mesitornis unicolor	Aves	ITPR3	0	0	0	0	0	1	0	0	tn
GCF_000695765.1	Mesitornis unicolor	Aves	RYR	0	0	0	0	0	0	0	0	tn
GCF_000695815.1	Acanthisitta chloris	Aves	ITPR1	0	0	0	0	0	1	0	0	tn
GCF_000695815.1	Acanthisitta chloris	Aves	ITPR2	0	0	0	0	0	1	0	0	tn
GCF_000695815.1	Acanthisitta chloris	Aves	ITPR3	0	0	0	0	0	1	0	0	tn
GCF_000695815.1	Acanthisitta chloris	Aves	RYR	0	0	0	0	0	1	0	0	tn
GCF_000696875.1	Nestor notabilis	Aves	ITPR1	0	0	0	0	0	1	0	0	tn
GCF_000696875.1	Nestor notabilis	Aves	ITPR2	0	0	0	0	0	1	0	0	tn
GCF_000696875.1	Nestor notabilis	Aves	ITPR3	0	0	0	0	0	1	0	0	tn
GCF_000696875.1	Nestor notabilis	Aves	RYR	1	4	0	0	4	1	0	0	fp
GCF_000698965.1	Struthio camelus australis	Aves	ITPR1	0	0	0	0	0	1	0	0	tn
GCF_000698965.1	Struthio camelus australis	Aves	ITPR2	0	0	0	0	0	1	0	0	tn
GCF_000698965.1	Struthio camelus australis	Aves	ITPR3	0	0	0	0	0	1	0	0	tn
GCF_000698965.1	Struthio camelus australis	Aves	RYR	1	5	0	0	5	2	0	1	tp
GCF_000699105.1	Pygoscelis adeliae	Aves	ITPR1	0	0	0	0	0	1	0	0	tn
GCF_000699105.1	Pygoscelis adeliae	Aves	ITPR2	0	0	0	0	0	1	0	0	tn
GCF_000699105.1	Pygoscelis adeliae	Aves	ITPR3	0	0	0	0	0	1	0	0	tn
GCF_000699105.1	Pygoscelis adeliae	Aves	RYR	1	5	0	0	5	2	0	1	tp
GCF_000699145.1	Aptenodytes forsteri	Aves	ITPR1	0	0	0	0	0	1	0	0	tn
GCF_000699145.1	Aptenodytes forsteri	Aves	ITPR2	0	0	0	0	0	1	0	0	tn
GCF_000699145.1	Aptenodytes forsteri	Aves	ITPR3	0	0	0	0	0	1	0	0	tn
GCF_000699145.1	Aptenodytes forsteri	Aves	RYR	1	5	0	0	5	2	0	1	tp
GCF_000699245.1	Pterocles gutturalis	Aves	ITPR1	0	0	0	0	0	1	0	0	tn
GCF_000699245.1	Pterocles gutturalis	Aves	ITPR2	0	0	0	0	0	1	0	0	tn
GCF_000699245.1	Pterocles gutturalis	Aves	ITPR3	0	0	0	0	0	1	0	0	tn
GCF_000699245.1	Pterocles gutturalis	Aves	RYR	1	4	0	0	4	1	0	0	fp
GCF_000700745.2	Antrostomus carolinensis	Aves	ITPR1	0	0	0	0	0	1	0	0	tn
GCF_000700745.2	Antrostomus carolinensis	Aves	ITPR2	0	0	0	0	0	0	0	0	tn
GCF_000700745.2	Antrostomus carolinensis	Aves	ITPR3	0	0	0	0	0	1	0	0	tn
GCF_000700745.2	Antrostomus carolinensis	Aves	RYR	0	0	0	0	0	0	0	0	tn
GCF_000703405.1	Apaloderma vittatum	Aves	ITPR1	0	0	0	0	0	0	0	0	tn
GCF_000703405.1	Apaloderma vittatum	Aves	ITPR2	0	0	0	0	0	0	0	0	tn
GCF_000703405.1	Apaloderma vittatum	Aves	ITPR3	0	0	0	0	0	1	0	0	tn
GCF_000703405.1	Apaloderma vittatum	Aves	RYR	1	4	0	0	4	0	0	0	fp
GCF_000705375.1	Tinamus guttatus	Aves	ITPR1	0	0	0	0	0	1	0	0	tn
GCF_000705375.1	Tinamus guttatus	Aves	ITPR2	0	0	0	0	0	0	0	0	tn
GCF_000705375.1	Tinamus guttatus	Aves	ITPR3	0	0	0	0	0	1	0	0	tn
GCF_000705375.1	Tinamus guttatus	Aves	RYR	1	4	0	0	4	2	0	1	tp
GCF_000708025.1	Charadrius vociferus	Aves	ITPR1	0	0	0	0	0	1	0	0	tn
GCF_000708025.1	Charadrius vociferus	Aves	ITPR2	0	0	0	0	0	1	0	0	tn
GCF_000708025.1	Charadrius vociferus	Aves	ITPR3	0	0	0	0	0	1	0	0	tn
GCF_000708025.1	Charadrius vociferus	Aves	RYR	1	4	0	0	4	2	0	1	tp
GCF_000710305.1	Buceros rhinoceros silvestris	Aves	ITPR1	0	0	0	0	0	0	0	0	tn
GCF_000710305.1	Buceros rhinoceros silvestris	Aves	ITPR2	0	0	0	0	0	0	0	0	tn
GCF_000710305.1	Buceros rhinoceros silvestris	Aves	ITPR3	0	0	0	0	0	1	0	0	tn
GCF_000710305.1	Buceros rhinoceros silvestris	Aves	RYR	0	0	0	0	0	1	0	0	tn
GCF_000747805.2	Chaetura pelagica	Aves	ITPR1	0	0	0	0	0	1	0	0	tn
GCF_000747805.2	Chaetura pelagica	Aves	ITPR2	0	0	0	0	0	1	0	0	tn
GCF_000747805.2	Chaetura pelagica	Aves	ITPR3	0	0	0	0	0	1	0	0	tn
GCF_000747805.2	Chaetura pelagica	Aves	RYR	1	5	0	0	5	2	0	1	tp
GCF_001715985.3	Manacus vitellinus	Aves	ITPR1	0	0	0	0	0	1	0	0	tn
GCF_001715985.3	Manacus vitellinus	Aves	ITPR2	0	0	0	0	0	1	0	0	tn
GCF_001715985.3	Manacus vitellinus	Aves	ITPR3	0	0	0	0	0	1	0	0	tn
GCF_001715985.3	Manacus vitellinus	Aves	RYR	1	5	0	0	5	2	0	1	tp
GCF_003342845.1	Nothoprocta perdicaria	Aves	ITPR1	0	0	0	0	0	1	0	0	tn
GCF_003342845.1	Nothoprocta perdicaria	Aves	ITPR2	0	0	0	0	0	1	0	0	tn
GCF_003342845.1	Nothoprocta perdicaria	Aves	ITPR3	0	0	0	0	0	1	0	0	tn
GCF_003342845.1	Nothoprocta perdicaria	Aves	RYR	1	5	0	0	5	2	0	1	tp
GCF_003668045.3	Cricetulus griseus	Mammalia	ITPR1	0	0	0	0	0	1	0	0	tn
GCF_003668045.3	Cricetulus griseus	Mammalia	ITPR2	0	0	0	0	0	1	0	0	tn
GCF_003668045.3	Cricetulus griseus	Mammalia	ITPR3	0	0	0	0	0	1	0	0	tn
GCF_003668045.3	Cricetulus griseus	Mammalia	RYR	1	13	0	0	13	3	0	1	tp
GCF_003957555.1	Calypte anna	Aves	ITPR1	0	0	0	0	0	1	0	0	tn
GCF_003957555.1	Calypte anna	Aves	ITPR2	0	0	0	0	0	1	0	0	tn
GCF_003957555.1	Calypte anna	Aves	ITPR3	0	0	0	0	0	1	0	0	tn
GCF_003957555.1	Calypte anna	Aves	RYR	1	5	0	0	5	2	0	1	tp
GCF_004115215.2	Ornithorhynchus anatinus	Mammalia	ITPR1	0	0	0	0	0	1	0	0	tn
GCF_004115215.2	Ornithorhynchus anatinus	Mammalia	ITPR2	0	0	0	0	0	1	0	0	tn
GCF_004115215.2	Ornithorhynchus anatinus	Mammalia	ITPR3	0	0	0	0	0	1	0	0	tn
GCF_004115215.2	Ornithorhynchus anatinus	Mammalia	RYR	1	7	0	0	7	3	0	1	tp
GCF_009764475.1	Pristis pectinata	Chondrichthyes	ITPR1	0	0	0	0	0	1	0	0	tn
GCF_009764475.1	Pristis pectinata	Chondrichthyes	ITPR2	0	0	0	0	0	1	0	0	tn
GCF_009764475.1	Pristis pectinata	Chondrichthyes	ITPR3	0	0	0	0	0	1	0	0	tn
GCF_009764475.1	Pristis pectinata	Chondrichthyes	RYR	1	14	0	0	14	3	0	1	tp
GCF_009769465.1	Tauraco erythrolophus	Aves	ITPR1	0	0	0	0	0	1	0	0	tn
GCF_009769465.1	Tauraco erythrolophus	Aves	ITPR2	0	0	0	0	0	1	0	0	tn
GCF_009769465.1	Tauraco erythrolophus	Aves	ITPR3	0	0	0	0	0	1	0	0	tn
GCF_009769465.1	Tauraco erythrolophus	Aves	RYR	1	5	0	0	5	2	0	1	tp
GCF_011004845.1	Esox lucius	Actinopteri	ITPR1	1	28	0	0	28	2	1	1	tp
GCF_011004845.1	Esox lucius	Actinopteri	ITPR2	0	0	0	0	0	1	0	0	tn
GCF_011004845.1	Esox lucius	Actinopteri	ITPR3	0	0	0	0	0	1	0	0	tn
GCF_011004845.1	Esox lucius	Actinopteri	RYR	1	48	0	0	48	6	1	1	tp
GCF_011004875.1	Balearica regulorum gibbericeps	Aves	ITPR1	0	0	0	0	0	1	0	0	tn
GCF_011004875.1	Balearica regulorum gibbericeps	Aves	ITPR2	0	0	0	0	0	1	0	0	tn
GCF_011004875.1	Balearica regulorum gibbericeps	Aves	ITPR3	0	0	0	0	0	1	0	0	tn
GCF_011004875.1	Balearica regulorum gibbericeps	Aves	RYR	1	5	0	0	5	2	0	1	tp
GCF_013368585.1	Megalops cyprinoides	Actinopteri	ITPR1	1	28	0	0	28	2	0	1	tp
GCF_013368585.1	Megalops cyprinoides	Actinopteri	ITPR2	0	0	0	0	0	1	0	0	tn
GCF_013368585.1	Megalops cyprinoides	Actinopteri	ITPR3	0	0	0	0	0	1	0	0	tn
GCF_013368585.1	Megalops cyprinoides	Actinopteri	RYR	1	31	0	0	31	5	0	1	tp
GCF_013368605.1	Nyctibius grandis	Aves	ITPR1	0	0	0	0	0	1	0	0	tn
GCF_013368605.1	Nyctibius grandis	Aves	ITPR2	0	0	0	0	0	1	0	0	tn
GCF_013368605.1	Nyctibius grandis	Aves	ITPR3	0	0	0	0	0	1	0	0	tn
GCF_013368605.1	Nyctibius grandis	Aves	RYR	1	5	0	0	5	2	0	1	tp
GCF_014839835.1	Dryobates pubescens	Aves	ITPR1	0	0	0	0	0	1	0	0	tn
GCF_014839835.1	Dryobates pubescens	Aves	ITPR2	0	0	0	0	0	1	0	0	tn
GCF_014839835.1	Dryobates pubescens	Aves	ITPR3	0	0	0	0	0	1	0	0	tn
GCF_014839835.1	Dryobates pubescens	Aves	RYR	1	5	0	0	5	2	0	1	tp
GCF_016433145.1	Gracilinanus agilis	Mammalia	ITPR1	0	0	0	0	0	1	0	0	tn
GCF_016433145.1	Gracilinanus agilis	Mammalia	ITPR2	0	0	0	0	0	1	0	0	tn
GCF_016433145.1	Gracilinanus agilis	Mammalia	ITPR3	0	0	0	0	0	1	0	0	tn
GCF_016433145.1	Gracilinanus agilis	Mammalia	RYR	1	13	0	0	13	3	0	1	tp
GCF_016699485.2	Gallus gallus	Aves	ITPR1	0	0	0	0	0	1	0	0	tn
GCF_016699485.2	Gallus gallus	Aves	ITPR2	0	0	0	0	0	1	0	0	tn
GCF_016699485.2	Gallus gallus	Aves	ITPR3	0	0	0	0	0	1	0	0	tn
GCF_016699485.2	Gallus gallus	Aves	RYR	1	13	0	0	13	3	0	1	tp
GCF_016859285.1	Xiphias gladius	Actinopteri	ITPR1	1	27	0	0	27	2	1	1	tp
GCF_016859285.1	Xiphias gladius	Actinopteri	ITPR2	0	0	0	0	0	1	0	0	tn
GCF_016859285.1	Xiphias gladius	Actinopteri	ITPR3	0	0	0	0	0	1	0	0	tn
GCF_016859285.1	Xiphias gladius	Actinopteri	RYR	1	85	0	0	85	6	0	1	tp
GCF_017639515.1	Carcharodon carcharias	Chondrichthyes	ITPR1	0	0	0	0	0	1	0	0	tn
GCF_017639515.1	Carcharodon carcharias	Chondrichthyes	ITPR2	0	0	0	0	0	1	0	0	tn
GCF_017639515.1	Carcharodon carcharias	Chondrichthyes	ITPR3	0	0	0	0	0	1	0	0	tn
GCF_017639515.1	Carcharodon carcharias	Chondrichthyes	RYR	1	16	0	0	16	3	0	1	tp
GCF_017654505.1	Polyodon spathula	Actinopteri	ITPR1	1	30	0	0	30	2	0	1	tp
GCF_017654505.1	Polyodon spathula	Actinopteri	ITPR2	1	21	0	0	21	2	0	1	tp
GCF_017654505.1	Polyodon spathula	Actinopteri	ITPR3	1	17	0	0	17	2	0	1	tp
GCF_017654505.1	Polyodon spathula	Actinopteri	RYR	1	79	0	0	79	6	0	1	tp
GCF_017976375.1	Cuculus canorus	Aves	ITPR1	0	0	0	0	0	1	0	0	tn
GCF_017976375.1	Cuculus canorus	Aves	ITPR2	0	0	0	0	0	1	0	0	tn
GCF_017976375.1	Cuculus canorus	Aves	ITPR3	0	0	0	0	0	1	0	0	tn
GCF_017976375.1	Cuculus canorus	Aves	RYR	1	13	0	0	13	3	0	1	tp
GCF_018139145.2	Gymnogyps californianus	Aves	ITPR1	0	0	0	0	0	1	0	0	tn
GCF_018139145.2	Gymnogyps californianus	Aves	ITPR2	0	0	0	0	0	1	0	0	tn
GCF_018139145.2	Gymnogyps californianus	Aves	ITPR3	0	0	0	0	0	1	0	0	tn
GCF_018139145.2	Gymnogyps californianus	Aves	RYR	1	5	0	0	5	2	0	1	tp
GCF_018320785.1	Cheilinus undulatus	Actinopteri	ITPR1	1	27	0	0	27	2	1	1	tp
GCF_018320785.1	Cheilinus undulatus	Actinopteri	ITPR2	0	0	0	0	0	1	0	0	tn
GCF_018320785.1	Cheilinus undulatus	Actinopteri	ITPR3	0	0	0	0	0	1	0	0	tn
GCF_018320785.1	Cheilinus undulatus	Actinopteri	RYR	1	76	0	0	76	6	0	1	tp
GCF_018691265.1	Tyto alba	Aves	ITPR1	0	0	0	0	0	1	0	0	tn
GCF_018691265.1	Tyto alba	Aves	ITPR2	0	0	0	0	0	1	0	0	tn
GCF_018691265.1	Tyto alba	Aves	ITPR3	0	0	0	0	0	1	0	0	tn
GCF_018691265.1	Tyto alba	Aves	RYR	1	5	0	0	5	2	0	1	tp
GCF_018977255.1	Callorhinchus milii	Chondrichthyes	ITPR1	0	0	0	0	0	1	0	0	tn
GCF_018977255.1	Callorhinchus milii	Chondrichthyes	ITPR2	0	0	0	0	0	1	0	0	tn
GCF_018977255.1	Callorhinchus milii	Chondrichthyes	ITPR3	0	0	0	0	0	1	0	0	tn
GCF_018977255.1	Callorhinchus milii	Chondrichthyes	RYR	1	21	0	0	21	3	0	1	tp
GCF_019279795.1	Protopterus annectens	Dipnoi	ITPR1	0	0	0	0	0	1	0	0	tn
GCF_019279795.1	Protopterus annectens	Dipnoi	ITPR2	0	0	0	0	0	1	0	0	tn
GCF_019279795.1	Protopterus annectens	Dipnoi	ITPR3	0	0	0	0	0	1	0	0	tn
GCF_019279795.1	Protopterus annectens	Dipnoi	RYR	1	24	0	0	24	3	0	1	tp
GCF_019393635.1	Dromiciops gliroides	Mammalia	ITPR1	0	0	0	0	0	1	0	0	tn
GCF_019393635.1	Dromiciops gliroides	Mammalia	ITPR2	0	0	0	0	0	1	0	0	tn
GCF_019393635.1	Dromiciops gliroides	Mammalia	ITPR3	0	0	0	0	0	1	0	0	tn
GCF_019393635.1	Dromiciops gliroides	Mammalia	RYR	1	13	0	0	13	3	0	1	tp
GCF_019740435.1	Gambusia affinis	Actinopteri	ITPR1	1	28	0	0	28	2	1	1	tp
GCF_019740435.1	Gambusia affinis	Actinopteri	ITPR2	0	0	0	0	0	1	0	0	tn
GCF_019740435.1	Gambusia affinis	Actinopteri	ITPR3	0	0	0	0	0	1	0	0	tn
GCF_019740435.1	Gambusia affinis	Actinopteri	RYR	1	60	0	0	60	6	0	1	tp
GCF_020171115.1	Neogale vison	Mammalia	ITPR1	0	0	0	0	0	1	0	0	tn
GCF_020171115.1	Neogale vison	Mammalia	ITPR2	0	0	0	0	0	1	0	0	tn
GCF_020171115.1	Neogale vison	Mammalia	ITPR3	0	0	0	0	0	1	0	0	tn
GCF_020171115.1	Neogale vison	Mammalia	RYR	1	13	0	0	13	3	0	1	tp
GCF_020740795.1	Apus apus	Aves	ITPR1	0	0	0	0	0	1	0	0	tn
GCF_020740795.1	Apus apus	Aves	ITPR2	0	0	0	0	0	1	0	0	tn
GCF_020740795.1	Apus apus	Aves	ITPR3	0	0	0	0	0	1	0	0	tn
GCF_020740795.1	Apus apus	Aves	RYR	1	5	0	0	5	2	0	1	tp
GCF_020826845.1	Diceros bicornis minor	Mammalia	ITPR1	0	0	0	0	0	1	0	0	tn
GCF_020826845.1	Diceros bicornis minor	Mammalia	ITPR2	0	0	0	0	0	1	0	0	tn
GCF_020826845.1	Diceros bicornis minor	Mammalia	ITPR3	0	0	0	0	0	1	0	0	tn
GCF_020826845.1	Diceros bicornis minor	Mammalia	RYR	1	13	0	0	13	3	0	1	tp
GCF_021028975.2	Sphaerodactylus townsendi	Lepidosauria	ITPR1	0	0	0	0	0	1	0	0	tn
GCF_021028975.2	Sphaerodactylus townsendi	Lepidosauria	ITPR2	0	0	0	0	0	1	0	0	tn
GCF_021028975.2	Sphaerodactylus townsendi	Lepidosauria	ITPR3	0	0	0	0	0	1	0	0	tn
GCF_021028975.2	Sphaerodactylus townsendi	Lepidosauria	RYR	1	11	0	0	11	3	0	1	tp
GCF_021292245.1	Micropterus dolomieu	Actinopteri	ITPR1	1	26	0	0	26	2	1	1	tp
GCF_021292245.1	Micropterus dolomieu	Actinopteri	ITPR2	0	0	0	0	0	1	0	0	tn
GCF_021292245.1	Micropterus dolomieu	Actinopteri	ITPR3	0	0	0	0	0	1	0	0	tn
GCF_021292245.1	Micropterus dolomieu	Actinopteri	RYR	1	75	0	0	75	6	0	1	tp
GCF_021613505.1	Equus quagga	Mammalia	ITPR1	0	0	0	0	0	1	0	0	tn
GCF_021613505.1	Equus quagga	Mammalia	ITPR2	0	0	0	0	0	1	0	0	tn
GCF_021613505.1	Equus quagga	Mammalia	ITPR3	0	0	0	0	0	1	0	0	tn
GCF_021613505.1	Equus quagga	Mammalia	RYR	1	13	0	0	13	3	1	1	tp
GCF_023634155.1	Falco peregrinus	Aves	ITPR1	0	0	0	0	0	1	0	0	tn
GCF_023634155.1	Falco peregrinus	Aves	ITPR2	0	0	0	0	0	1	0	0	tn
GCF_023634155.1	Falco peregrinus	Aves	ITPR3	0	0	0	0	0	1	0	0	tn
GCF_023634155.1	Falco peregrinus	Aves	RYR	1	5	0	0	5	2	0	1	tp
GCF_023851605.1	Tamandua tetradactyla	Mammalia	ITPR1	0	0	0	0	0	1	0	0	tn
GCF_023851605.1	Tamandua tetradactyla	Mammalia	ITPR2	0	0	0	0	0	1	0	0	tn
GCF_023851605.1	Tamandua tetradactyla	Mammalia	ITPR3	0	0	0	0	0	1	0	0	tn
GCF_023851605.1	Tamandua tetradactyla	Mammalia	RYR	1	13	0	0	13	3	0	1	tp
GCF_024166365.1	Elephas maximus indicus	Mammalia	ITPR1	0	0	0	0	0	1	0	0	tn
GCF_024166365.1	Elephas maximus indicus	Mammalia	ITPR2	0	0	0	0	0	1	0	0	tn
GCF_024166365.1	Elephas maximus indicus	Mammalia	ITPR3	0	0	0	0	0	1	0	0	tn
GCF_024166365.1	Elephas maximus indicus	Mammalia	RYR	1	13	0	0	13	3	0	1	tp
GCF_025201925.1	Gopherus flavomarginatus	Testudines	ITPR1	0	0	0	0	0	1	0	0	tn
GCF_025201925.1	Gopherus flavomarginatus	Testudines	ITPR2	0	0	0	0	0	1	0	0	tn
GCF_025201925.1	Gopherus flavomarginatus	Testudines	ITPR3	0	0	0	0	0	1	0	0	tn
GCF_025201925.1	Gopherus flavomarginatus	Testudines	RYR	1	15	0	0	15	3	0	1	tp
GCF_027244095.1	Hemicordylus capensis	Lepidosauria	ITPR1	0	0	0	0	0	1	0	0	tn
GCF_027244095.1	Hemicordylus capensis	Lepidosauria	ITPR2	0	0	0	0	0	1	0	0	tn
GCF_027244095.1	Hemicordylus capensis	Lepidosauria	ITPR3	0	0	0	0	0	1	0	0	tn
GCF_027244095.1	Hemicordylus capensis	Lepidosauria	RYR	1	15	0	0	15	3	1	1	tp
GCF_027409185.1	Cynocephalus volans	Mammalia	ITPR1	0	0	0	0	0	1	0	0	tn
GCF_027409185.1	Cynocephalus volans	Mammalia	ITPR2	0	0	0	0	0	1	0	0	tn
GCF_027409185.1	Cynocephalus volans	Mammalia	ITPR3	0	0	0	0	0	1	0	0	tn
GCF_027409185.1	Cynocephalus volans	Mammalia	RYR	1	13	0	0	13	3	0	1	tp
GCF_027409825.1	Scomber japonicus	Actinopteri	ITPR1	1	29	0	0	29	2	1	1	tp
GCF_027409825.1	Scomber japonicus	Actinopteri	ITPR2	0	0	0	0	0	1	0	0	tn
GCF_027409825.1	Scomber japonicus	Actinopteri	ITPR3	0	0	0	0	0	1	0	0	tn
GCF_027409825.1	Scomber japonicus	Actinopteri	RYR	1	63	0	0	63	6	0	1	tp
GCF_027579695.1	Neoarius graeffei	Actinopteri	ITPR1	1	28	0	0	28	2	0	1	tp
GCF_027579695.1	Neoarius graeffei	Actinopteri	ITPR2	0	0	0	0	0	1	0	0	tn
GCF_027579695.1	Neoarius graeffei	Actinopteri	ITPR3	0	0	0	0	0	1	0	0	tn
GCF_027579695.1	Neoarius graeffei	Actinopteri	RYR	1	48	0	0	48	6	1	1	tp
GCF_027579735.1	Bombina bombina	Amphibia	ITPR1	0	0	0	0	0	1	0	0	tn
GCF_027579735.1	Bombina bombina	Amphibia	ITPR2	0	0	0	0	0	1	0	0	tn
GCF_027579735.1	Bombina bombina	Amphibia	ITPR3	0	0	0	0	0	1	0	0	tn
GCF_027579735.1	Bombina bombina	Amphibia	RYR	1	8	0	0	8	2	0	1	tp
GCF_027595985.1	Sorex araneus	Mammalia	ITPR1	0	0	0	0	0	1	0	0	tn
GCF_027595985.1	Sorex araneus	Mammalia	ITPR2	0	0	0	0	0	1	0	0	tn
GCF_027595985.1	Sorex araneus	Mammalia	ITPR3	0	0	0	0	0	1	0	0	tn
GCF_027595985.1	Sorex araneus	Mammalia	RYR	1	13	0	0	13	3	0	1	tp
GCF_028372415.1	Notamacropus eugenii	Mammalia	ITPR1	0	0	0	0	0	1	0	0	tn
GCF_028372415.1	Notamacropus eugenii	Mammalia	ITPR2	0	0	0	0	0	1	0	0	tn
GCF_028372415.1	Notamacropus eugenii	Mammalia	ITPR3	0	0	0	0	0	1	0	0	tn
GCF_028372415.1	Notamacropus eugenii	Mammalia	RYR	1	13	0	0	13	3	0	1	tp
GCF_028389875.1	Rhea pennata	Aves	ITPR1	0	0	0	0	0	1	0	0	tn
GCF_028389875.1	Rhea pennata	Aves	ITPR2	0	0	0	0	0	1	0	0	tn
GCF_028389875.1	Rhea pennata	Aves	ITPR3	0	0	0	0	0	1	0	0	tn
GCF_028389875.1	Rhea pennata	Aves	RYR	1	13	0	0	13	3	0	1	tp
GCF_028858725.1	Colius striatus	Aves	ITPR1	0	0	0	0	0	1	0	0	tn
GCF_028858725.1	Colius striatus	Aves	ITPR2	0	0	0	0	0	1	0	0	tn
GCF_028858725.1	Colius striatus	Aves	ITPR3	0	0	0	0	0	1	0	0	tn
GCF_028858725.1	Colius striatus	Aves	RYR	1	5	0	0	5	2	0	1	tp
GCF_029633855.1	Hoplias malabaricus	Actinopteri	ITPR1	1	28	0	0	28	2	0	1	tp
GCF_029633855.1	Hoplias malabaricus	Actinopteri	ITPR2	0	0	0	0	0	1	0	0	tn
GCF_029633855.1	Hoplias malabaricus	Actinopteri	ITPR3	0	0	0	0	0	1	0	0	tn
GCF_029633855.1	Hoplias malabaricus	Actinopteri	RYR	1	55	0	0	55	5	1	1	tp
GCF_029633865.1	Lampris incognitus	Actinopteri	ITPR1	1	30	0	0	30	2	1	1	tp
GCF_029633865.1	Lampris incognitus	Actinopteri	ITPR2	0	0	0	0	0	1	0	0	tn
GCF_029633865.1	Lampris incognitus	Actinopteri	ITPR3	0	0	0	0	0	1	0	0	tn
GCF_029633865.1	Lampris incognitus	Actinopteri	RYR	1	93	0	0	93	6	0	1	tp
GCF_030020395.1	Manis pentadactyla	Mammalia	ITPR1	0	0	0	0	0	1	0	0	tn
GCF_030020395.1	Manis pentadactyla	Mammalia	ITPR2	0	0	0	0	0	1	0	0	tn
GCF_030020395.1	Manis pentadactyla	Mammalia	ITPR3	0	0	0	0	0	1	0	0	tn
GCF_030020395.1	Manis pentadactyla	Mammalia	RYR	1	13	0	0	13	3	0	1	tp
GCF_030445035.2	Dasypus novemcinctus	Mammalia	ITPR1	0	0	0	0	0	1	0	0	tn
GCF_030445035.2	Dasypus novemcinctus	Mammalia	ITPR2	0	0	0	0	0	1	0	0	tn
GCF_030445035.2	Dasypus novemcinctus	Mammalia	ITPR3	0	0	0	0	0	1	0	0	tn
GCF_030445035.2	Dasypus novemcinctus	Mammalia	RYR	1	13	0	0	13	3	0	1	tp
GCF_030463565.1	Pelecanus crispus	Aves	ITPR1	0	0	0	0	0	1	0	0	tn
GCF_030463565.1	Pelecanus crispus	Aves	ITPR2	0	0	0	0	0	1	0	0	tn
GCF_030463565.1	Pelecanus crispus	Aves	ITPR3	0	0	0	0	0	1	0	0	tn
GCF_030463565.1	Pelecanus crispus	Aves	RYR	1	5	0	0	5	2	0	1	tp
GCF_030490865.1	Poecile atricapillus	Aves	ITPR1	0	0	0	0	0	1	0	0	tn
GCF_030490865.1	Poecile atricapillus	Aves	ITPR2	1	17	0	0	17	2	0	1	tp
GCF_030490865.1	Poecile atricapillus	Aves	ITPR3	0	0	0	0	0	1	0	0	tn
GCF_030490865.1	Poecile atricapillus	Aves	RYR	1	13	0	0	13	3	0	1	tp
GCF_030867095.1	Alligator mississippiensis	Crocodylia	ITPR1	0	0	0	0	0	1	0	0	tn
GCF_030867095.1	Alligator mississippiensis	Crocodylia	ITPR2	0	0	0	0	0	1	0	0	tn
GCF_030867095.1	Alligator mississippiensis	Crocodylia	ITPR3	0	0	0	0	0	1	0	0	tn
GCF_030867095.1	Alligator mississippiensis	Crocodylia	RYR	1	15	0	0	15	3	0	1	tp
GCF_030867145.1	Opisthocomus hoazin	Aves	ITPR1	0	0	0	0	0	1	0	0	tn
GCF_030867145.1	Opisthocomus hoazin	Aves	ITPR2	0	0	0	0	0	1	0	0	tn
GCF_030867145.1	Opisthocomus hoazin	Aves	ITPR3	0	0	0	0	0	1	0	0	tn
GCF_030867145.1	Opisthocomus hoazin	Aves	RYR	1	5	0	0	5	2	0	1	tp
GCF_030936135.1	Gavia stellata	Aves	ITPR1	0	0	0	0	0	1	0	0	tn
GCF_030936135.1	Gavia stellata	Aves	ITPR2	0	0	0	0	0	1	0	0	tn
GCF_030936135.1	Gavia stellata	Aves	ITPR3	0	0	0	0	0	1	0	0	tn
GCF_030936135.1	Gavia stellata	Aves	RYR	1	13	0	0	13	3	0	1	tp
GCF_033026475.1	Channa argus	Actinopteri	ITPR1	1	27	0	0	27	2	1	1	tp
GCF_033026475.1	Channa argus	Actinopteri	ITPR2	0	0	0	0	0	1	0	0	tn
GCF_033026475.1	Channa argus	Actinopteri	ITPR3	0	0	0	0	0	1	0	0	tn
GCF_033026475.1	Channa argus	Actinopteri	RYR	1	55	0	0	55	6	0	1	tp
GCF_033807715.1	Cololabis saira	Actinopteri	ITPR1	1	27	0	0	27	2	1	1	tp
GCF_033807715.1	Cololabis saira	Actinopteri	ITPR2	0	0	0	0	0	1	0	0	tn
GCF_033807715.1	Cololabis saira	Actinopteri	ITPR3	0	0	0	0	0	1	0	0	tn
GCF_033807715.1	Cololabis saira	Actinopteri	RYR	1	95	0	0	95	6	0	1	tp
GCF_033978785.1	Entelurus aequoreus	Actinopteri	ITPR1	1	28	0	0	28	2	1	1	tp
GCF_033978785.1	Entelurus aequoreus	Actinopteri	ITPR2	0	0	0	0	0	1	0	0	tn
GCF_033978785.1	Entelurus aequoreus	Actinopteri	ITPR3	0	0	0	0	0	1	0	0	tn
GCF_033978785.1	Entelurus aequoreus	Actinopteri	RYR	1	116	0	8	108	7	1	1	tp
GCF_034619465.1	Leptosomus discolor	Aves	ITPR1	0	0	0	0	0	1	0	0	tn
GCF_034619465.1	Leptosomus discolor	Aves	ITPR2	0	0	0	0	0	1	0	0	tn
GCF_034619465.1	Leptosomus discolor	Aves	ITPR3	0	0	0	0	0	1	0	0	tn
GCF_034619465.1	Leptosomus discolor	Aves	RYR	1	5	0	0	5	2	0	1	tp
GCF_034638445.1	Ciconia boyciana	Aves	ITPR1	0	0	0	0	0	1	0	0	tn
GCF_034638445.1	Ciconia boyciana	Aves	ITPR2	0	0	0	0	0	1	0	0	tn
GCF_034638445.1	Ciconia boyciana	Aves	ITPR3	0	0	0	0	0	1	0	0	tn
GCF_034638445.1	Ciconia boyciana	Aves	RYR	1	13	0	0	13	3	0	1	tp
GCF_034702125.1	Engraulis encrasicolus	Actinopteri	ITPR1	1	28	0	0	28	2	1	1	tp
GCF_034702125.1	Engraulis encrasicolus	Actinopteri	ITPR2	0	0	0	0	0	1	0	0	tn
GCF_034702125.1	Engraulis encrasicolus	Actinopteri	ITPR3	0	0	0	0	0	1	0	0	tn
GCF_034702125.1	Engraulis encrasicolus	Actinopteri	RYR	1	44	0	0	44	6	0	1	tp
GCF_035084215.1	Heptranchias perlo	Chondrichthyes	ITPR1	0	0	0	0	0	1	0	0	tn
GCF_035084215.1	Heptranchias perlo	Chondrichthyes	ITPR2	0	0	0	0	0	1	0	0	tn
GCF_035084215.1	Heptranchias perlo	Chondrichthyes	ITPR3	0	0	0	0	0	1	0	0	tn
GCF_035084215.1	Heptranchias perlo	Chondrichthyes	RYR	1	10	0	0	10	3	0	1	tp
GCF_035582795.1	Mycteria americana	Aves	ITPR1	0	0	0	0	0	1	0	0	tn
GCF_035582795.1	Mycteria americana	Aves	ITPR2	0	0	0	0	0	1	0	0	tn
GCF_035582795.1	Mycteria americana	Aves	ITPR3	0	0	0	0	0	1	0	0	tn
GCF_035582795.1	Mycteria americana	Aves	RYR	1	5	0	0	5	2	0	1	tp
GCF_035609145.1	Eleutherodactylus coqui	Amphibia	ITPR1	0	0	0	0	0	1	0	0	tn
GCF_035609145.1	Eleutherodactylus coqui	Amphibia	ITPR2	0	0	0	0	0	1	0	0	tn
GCF_035609145.1	Eleutherodactylus coqui	Amphibia	ITPR3	0	0	0	0	0	1	0	0	tn
GCF_035609145.1	Eleutherodactylus coqui	Amphibia	RYR	1	7	0	0	7	2	0	1	tp
GCF_036013445.1	Caloenas nicobarica	Aves	ITPR1	0	0	0	0	0	1	0	0	tn
GCF_036013445.1	Caloenas nicobarica	Aves	ITPR2	0	0	0	0	0	1	0	0	tn
GCF_036013445.1	Caloenas nicobarica	Aves	ITPR3	0	0	0	0	0	1	0	0	tn
GCF_036013445.1	Caloenas nicobarica	Aves	RYR	1	13	0	0	13	3	0	1	tp
GCF_036365525.1	Heterodontus francisci	Chondrichthyes	ITPR1	0	0	0	0	0	1	0	0	tn
GCF_036365525.1	Heterodontus francisci	Chondrichthyes	ITPR2	0	0	0	0	0	1	0	0	tn
GCF_036365525.1	Heterodontus francisci	Chondrichthyes	ITPR3	0	0	0	0	0	1	0	0	tn
GCF_036365525.1	Heterodontus francisci	Chondrichthyes	RYR	1	18	0	0	18	3	0	1	tp
GCF_036370855.1	Dromaius novaehollandiae	Aves	ITPR1	0	0	0	0	0	1	0	0	tn
GCF_036370855.1	Dromaius novaehollandiae	Aves	ITPR2	0	0	0	0	0	1	0	0	tn
GCF_036370855.1	Dromaius novaehollandiae	Aves	ITPR3	0	0	0	0	0	1	0	0	tn
GCF_036370855.1	Dromaius novaehollandiae	Aves	RYR	1	13	0	0	13	3	0	1	tp
GCF_036373705.1	Amia ocellicauda	Actinopteri	ITPR1	0	0	0	0	0	1	0	0	tn
GCF_036373705.1	Amia ocellicauda	Actinopteri	ITPR2	0	0	0	0	0	1	0	0	tn
GCF_036373705.1	Amia ocellicauda	Actinopteri	ITPR3	0	0	0	0	0	1	0	0	tn
GCF_036373705.1	Amia ocellicauda	Actinopteri	RYR	1	15	0	0	15	3	0	1	tp
GCF_036417535.1	Chlamydotis macqueenii	Aves	ITPR1	0	0	0	0	0	1	0	0	tn
GCF_036417535.1	Chlamydotis macqueenii	Aves	ITPR2	0	0	0	0	0	1	0	0	tn
GCF_036417535.1	Chlamydotis macqueenii	Aves	ITPR3	0	0	0	0	0	1	0	0	tn
GCF_036417535.1	Chlamydotis macqueenii	Aves	RYR	1	5	0	0	5	2	0	1	tp
GCF_036417845.1	Apteryx mantelli	Aves	ITPR1	0	0	0	0	0	1	0	0	tn
GCF_036417845.1	Apteryx mantelli	Aves	ITPR2	0	0	0	0	0	1	0	0	tn
GCF_036417845.1	Apteryx mantelli	Aves	ITPR3	0	0	0	0	0	1	0	0	tn
GCF_036417845.1	Apteryx mantelli	Aves	RYR	1	11	0	0	11	3	0	1	tp
GCF_036850765.1	Saccopteryx bilineata	Mammalia	ITPR1	0	0	0	0	0	1	0	0	tn
GCF_036850765.1	Saccopteryx bilineata	Mammalia	ITPR2	0	0	0	0	0	1	0	0	tn
GCF_036850765.1	Saccopteryx bilineata	Mammalia	ITPR3	0	0	0	0	0	1	0	0	tn
GCF_036850765.1	Saccopteryx bilineata	Mammalia	RYR	1	10	0	0	10	3	0	1	tp
GCF_036971445.1	Narcine bancroftii	Chondrichthyes	ITPR1	0	0	0	0	0	1	0	0	tn
GCF_036971445.1	Narcine bancroftii	Chondrichthyes	ITPR2	0	0	0	0	0	1	0	0	tn
GCF_036971445.1	Narcine bancroftii	Chondrichthyes	ITPR3	0	0	0	0	0	1	0	0	tn
GCF_036971445.1	Narcine bancroftii	Chondrichthyes	RYR	1	10	0	0	10	3	0	1	tp
GCF_037157495.1	Lathamus discolor	Aves	ITPR1	0	0	0	0	0	1	0	0	tn
GCF_037157495.1	Lathamus discolor	Aves	ITPR2	0	0	0	0	0	1	0	0	tn
GCF_037157495.1	Lathamus discolor	Aves	ITPR3	0	0	0	0	0	1	0	0	tn
GCF_037157495.1	Lathamus discolor	Aves	RYR	1	5	0	0	5	2	0	1	tp
GCF_037176945.1	Latimeria chalumnae	Coelacanthimorpha	ITPR1	0	0	0	0	0	1	0	0	tn
GCF_037176945.1	Latimeria chalumnae	Coelacanthimorpha	ITPR2	0	0	0	0	0	1	0	0	tn
GCF_037176945.1	Latimeria chalumnae	Coelacanthimorpha	ITPR3	0	0	0	0	0	1	0	0	tn
GCF_037176945.1	Latimeria chalumnae	Coelacanthimorpha	RYR	1	12	0	0	12	3	0	1	tp
GCF_037893015.1	Macrotis lagotis	Mammalia	ITPR1	0	0	0	0	0	1	0	0	tn
GCF_037893015.1	Macrotis lagotis	Mammalia	ITPR2	0	0	0	0	0	1	0	0	tn
GCF_037893015.1	Macrotis lagotis	Mammalia	ITPR3	0	0	0	0	0	1	0	0	tn
GCF_037893015.1	Macrotis lagotis	Mammalia	RYR	1	13	0	0	13	3	0	1	tp
GCF_039877785.1	Chaetodon trifascialis	Actinopteri	ITPR1	1	27	0	0	27	2	1	1	tp
GCF_039877785.1	Chaetodon trifascialis	Actinopteri	ITPR2	0	0	0	0	0	1	0	0	tn
GCF_039877785.1	Chaetodon trifascialis	Actinopteri	ITPR3	0	0	0	0	0	1	0	0	tn
GCF_039877785.1	Chaetodon trifascialis	Actinopteri	RYR	1	71	0	0	71	6	0	1	tp
GCF_040054535.1	Antennarius striatus	Actinopteri	ITPR1	1	27	0	0	27	2	1	1	tp
GCF_040054535.1	Antennarius striatus	Actinopteri	ITPR2	0	0	0	0	0	1	0	0	tn
GCF_040054535.1	Antennarius striatus	Actinopteri	ITPR3	0	0	0	0	0	1	0	0	tn
GCF_040054535.1	Antennarius striatus	Actinopteri	RYR	1	76	0	0	76	6	0	1	tp
GCF_040807025.1	Struthio camelus	Aves	ITPR1	0	0	0	0	0	1	0	0	tn
GCF_040807025.1	Struthio camelus	Aves	ITPR2	0	0	0	0	0	1	0	0	tn
GCF_040807025.1	Struthio camelus	Aves	ITPR3	0	0	0	0	0	1	0	0	tn
GCF_040807025.1	Struthio camelus	Aves	RYR	1	13	0	0	13	3	0	1	tp
GCF_040954835.1	Lepisosteus oculatus	Actinopteri	ITPR1	0	0	0	0	0	1	0	0	tn
GCF_040954835.1	Lepisosteus oculatus	Actinopteri	ITPR2	0	0	0	0	0	1	0	0	tn
GCF_040954835.1	Lepisosteus oculatus	Actinopteri	ITPR3	0	0	0	0	0	1	0	0	tn
GCF_040954835.1	Lepisosteus oculatus	Actinopteri	RYR	1	15	0	0	15	3	0	1	tp
GCF_041296385.2	Aphelocoma coerulescens	Aves	ITPR1	0	0	0	0	0	1	0	0	tn
GCF_041296385.2	Aphelocoma coerulescens	Aves	ITPR2	0	0	0	0	0	1	0	0	tn
GCF_041296385.2	Aphelocoma coerulescens	Aves	ITPR3	0	0	0	0	0	1	0	0	tn
GCF_041296385.2	Aphelocoma coerulescens	Aves	RYR	1	13	0	0	13	3	0	1	tp
GCF_041902795.1	Electrophorus electricus	Actinopteri	ITPR1	1	28	0	0	28	2	0	1	tp
GCF_041902795.1	Electrophorus electricus	Actinopteri	ITPR2	0	0	0	0	0	1	0	0	tn
GCF_041902795.1	Electrophorus electricus	Actinopteri	ITPR3	0	0	0	0	0	1	0	0	tn
GCF_041902795.1	Electrophorus electricus	Actinopteri	RYR	1	58	0	0	58	5	0	1	tp
GCF_042186555.1	Aquarana catesbeiana	Amphibia	ITPR1	0	0	0	0	0	1	0	0	tn
GCF_042186555.1	Aquarana catesbeiana	Amphibia	ITPR2	0	0	0	0	0	1	0	0	tn
GCF_042186555.1	Aquarana catesbeiana	Amphibia	ITPR3	0	0	0	0	0	1	0	0	tn
GCF_042186555.1	Aquarana catesbeiana	Amphibia	RYR	1	7	0	0	7	2	0	1	tp
GCF_042242105.1	Pempheris klunzingeri	Actinopteri	ITPR1	1	27	0	0	27	2	1	1	tp
GCF_042242105.1	Pempheris klunzingeri	Actinopteri	ITPR2	0	0	0	0	0	1	0	0	tn
GCF_042242105.1	Pempheris klunzingeri	Actinopteri	ITPR3	0	0	0	0	0	1	0	0	tn
GCF_042242105.1	Pempheris klunzingeri	Actinopteri	RYR	1	76	0	0	76	6	0	1	tp
GCF_043380555.1	Nothobranchius furzeri	Actinopteri	ITPR1	1	28	0	0	28	2	1	1	tp
GCF_043380555.1	Nothobranchius furzeri	Actinopteri	ITPR2	0	0	0	0	0	1	0	0	tn
GCF_043380555.1	Nothobranchius furzeri	Actinopteri	ITPR3	0	0	0	0	0	1	0	0	tn
GCF_043380555.1	Nothobranchius furzeri	Actinopteri	RYR	1	81	0	0	81	6	0	1	tp
GCF_045865225.1	Trachurus japonicus	Actinopteri	ITPR1	1	27	0	0	27	2	1	1	tp
GCF_045865225.1	Trachurus japonicus	Actinopteri	ITPR2	0	0	0	0	0	1	0	0	tn
GCF_045865225.1	Trachurus japonicus	Actinopteri	ITPR3	0	0	0	0	0	1	0	0	tn
GCF_045865225.1	Trachurus japonicus	Actinopteri	RYR	1	76	0	0	76	6	0	1	tp
GCF_046128005.1	Genypterus blacodes	Actinopteri	ITPR1	1	29	0	0	29	2	0	1	tp
GCF_046128005.1	Genypterus blacodes	Actinopteri	ITPR2	0	0	0	0	0	1	0	0	tn
GCF_046128005.1	Genypterus blacodes	Actinopteri	ITPR3	0	0	0	0	0	1	0	0	tn
GCF_046128005.1	Genypterus blacodes	Actinopteri	RYR	1	67	0	0	67	6	0	1	tp
GCF_047370975.1	Nipponia nippon	Aves	ITPR1	0	0	0	0	0	1	0	0	tn
GCF_047370975.1	Nipponia nippon	Aves	ITPR2	0	0	0	0	0	1	0	0	tn
GCF_047370975.1	Nipponia nippon	Aves	ITPR3	0	0	0	0	0	1	0	0	tn
GCF_047370975.1	Nipponia nippon	Aves	RYR	1	13	0	0	13	3	0	1	tp
GCF_047496795.1	Chiloscyllium punctatum	Chondrichthyes	ITPR1	0	0	0	0	0	1	0	0	tn
GCF_047496795.1	Chiloscyllium punctatum	Chondrichthyes	ITPR2	0	0	0	0	0	1	0	0	tn
GCF_047496795.1	Chiloscyllium punctatum	Chondrichthyes	ITPR3	0	0	0	0	0	1	0	0	tn
GCF_047496795.1	Chiloscyllium punctatum	Chondrichthyes	RYR	1	10	0	0	10	3	0	1	tp
GCF_047496885.1	Scyliorhinus torazame	Chondrichthyes	ITPR1	0	0	0	0	0	1	0	0	tn
GCF_047496885.1	Scyliorhinus torazame	Chondrichthyes	ITPR2	0	0	0	0	0	1	0	0	tn
GCF_047496885.1	Scyliorhinus torazame	Chondrichthyes	ITPR3	0	0	0	0	0	1	0	0	tn
GCF_047496885.1	Scyliorhinus torazame	Chondrichthyes	RYR	1	16	0	0	16	3	0	1	tp
GCF_047663525.1	Anas platyrhynchos	Aves	ITPR1	0	0	0	0	0	1	0	0	tn
GCF_047663525.1	Anas platyrhynchos	Aves	ITPR2	0	0	0	0	0	1	0	0	tn
GCF_047663525.1	Anas platyrhynchos	Aves	ITPR3	0	0	0	0	0	1	0	0	tn
GCF_047663525.1	Anas platyrhynchos	Aves	RYR	1	13	0	0	13	3	0	1	tp
GCF_047716275.1	Strix uralensis	Aves	ITPR1	0	0	0	0	0	1	0	0	tn
GCF_047716275.1	Strix uralensis	Aves	ITPR2	0	0	0	0	0	1	0	0	tn
GCF_047716275.1	Strix uralensis	Aves	ITPR3	0	0	0	0	0	1	0	0	tn
GCF_047716275.1	Strix uralensis	Aves	RYR	1	13	0	0	13	3	0	1	tp
GCF_048418815.1	Hemitrygon akajei	Chondrichthyes	ITPR1	0	0	0	0	0	1	0	0	tn
GCF_048418815.1	Hemitrygon akajei	Chondrichthyes	ITPR2	0	0	0	0	0	1	0	0	tn
GCF_048418815.1	Hemitrygon akajei	Chondrichthyes	ITPR3	0	0	0	0	0	1	0	0	tn
GCF_048418815.1	Hemitrygon akajei	Chondrichthyes	RYR	1	14	0	0	14	3	0	1	tp
GCF_048593235.1	Sminthopsis crassicaudata	Mammalia	ITPR1	0	0	0	0	0	1	0	0	tn
GCF_048593235.1	Sminthopsis crassicaudata	Mammalia	ITPR2	0	0	0	0	0	1	0	0	tn
GCF_048593235.1	Sminthopsis crassicaudata	Mammalia	ITPR3	0	0	0	0	0	1	0	0	tn
GCF_048593235.1	Sminthopsis crassicaudata	Mammalia	RYR	1	13	0	0	13	3	0	1	tp
GCF_048594095.1	Paramormyrops kingsleyae	Actinopteri	ITPR1	1	28	0	0	28	2	0	1	tp
GCF_048594095.1	Paramormyrops kingsleyae	Actinopteri	ITPR2	0	0	0	0	0	1	0	0	tn
GCF_048594095.1	Paramormyrops kingsleyae	Actinopteri	ITPR3	0	0	0	0	0	1	0	0	tn
GCF_048594095.1	Paramormyrops kingsleyae	Actinopteri	RYR	1	27	0	0	27	4	0	1	tp
GCF_048934315.1	Petromyzon marinus	Hyperoartia	ITPR1	1	87	0	0	87	3	0	1	tp
GCF_048934315.1	Petromyzon marinus	Hyperoartia	ITPR2	0	0	0	0	0	0	0	0	tn
GCF_048934315.1	Petromyzon marinus	Hyperoartia	ITPR3	0	0	0	0	0	0	0	0	tn
GCF_048934315.1	Petromyzon marinus	Hyperoartia	RYR	1	7	0	0	7	2	0	1	tp
GCF_049350105.2	Macaca mulatta	Mammalia	ITPR1	0	0	0	0	0	1	0	0	tn
GCF_049350105.2	Macaca mulatta	Mammalia	ITPR2	0	0	0	0	0	1	0	0	tn
GCF_049350105.2	Macaca mulatta	Mammalia	ITPR3	0	0	0	0	0	1	0	0	tn
GCF_049350105.2	Macaca mulatta	Mammalia	RYR	1	13	0	0	13	3	0	1	tp
GCF_050624435.1	Tenrec ecaudatus	Mammalia	ITPR1	0	0	0	0	0	1	0	0	tn
GCF_050624435.1	Tenrec ecaudatus	Mammalia	ITPR2	0	0	0	0	0	1	0	0	tn
GCF_050624435.1	Tenrec ecaudatus	Mammalia	ITPR3	0	0	0	0	0	1	0	0	tn
GCF_050624435.1	Tenrec ecaudatus	Mammalia	RYR	1	13	0	0	13	3	0	1	tp
GCF_052040795.1	Danio rerio	Actinopteri	ITPR1	1	27	0	0	27	2	0	1	tp
GCF_052040795.1	Danio rerio	Actinopteri	ITPR2	0	0	0	0	0	1	0	0	tn
GCF_052040795.1	Danio rerio	Actinopteri	ITPR3	0	0	0	0	0	1	0	0	tn
GCF_052040795.1	Danio rerio	Actinopteri	RYR	1	48	0	0	48	6	1	1	tp
GCF_052327205.1	Somniosus microcephalus	Chondrichthyes	ITPR1	0	0	0	0	0	1	0	0	tn
GCF_052327205.1	Somniosus microcephalus	Chondrichthyes	ITPR2	0	0	0	0	0	1	0	0	tn
GCF_052327205.1	Somniosus microcephalus	Chondrichthyes	ITPR3	0	0	0	0	0	1	0	0	tn
GCF_052327205.1	Somniosus microcephalus	Chondrichthyes	RYR	1	16	0	0	16	3	0	1	tp
GCF_054371585.1	Giraffa tippelskirchi	Mammalia	ITPR1	0	0	0	0	0	1	0	0	tn
GCF_054371585.1	Giraffa tippelskirchi	Mammalia	ITPR2	0	0	0	0	0	1	0	0	tn
GCF_054371585.1	Giraffa tippelskirchi	Mammalia	ITPR3	0	0	0	0	0	1	0	0	tn
GCF_054371585.1	Giraffa tippelskirchi	Mammalia	RYR	1	13	0	0	13	3	1	1	tp
GCF_054491055.1	Hypomesus nipponensis	Actinopteri	ITPR1	1	28	0	0	28	2	1	1	tp
GCF_054491055.1	Hypomesus nipponensis	Actinopteri	ITPR2	0	0	0	0	0	1	0	0	tn
GCF_054491055.1	Hypomesus nipponensis	Actinopteri	ITPR3	0	0	0	0	0	1	0	0	tn
GCF_054491055.1	Hypomesus nipponensis	Actinopteri	RYR	1	50	0	0	50	6	0	1	tp
GCF_056507025.1	Lutjanus erythropterus	Actinopteri	ITPR1	1	27	0	0	27	2	1	1	tp
GCF_056507025.1	Lutjanus erythropterus	Actinopteri	ITPR2	0	0	0	0	0	1	0	0	tn
GCF_056507025.1	Lutjanus erythropterus	Actinopteri	ITPR3	0	0	0	0	0	1	0	0	tn
GCF_056507025.1	Lutjanus erythropterus	Actinopteri	RYR	1	67	0	0	67	6	0	1	tp
GCF_057381845.1	Rhamphochromis longiceps	Actinopteri	ITPR1	1	27	0	0	27	2	1	1	tp
GCF_057381845.1	Rhamphochromis longiceps	Actinopteri	ITPR2	0	0	0	0	0	1	0	0	tn
GCF_057381845.1	Rhamphochromis longiceps	Actinopteri	ITPR3	0	0	0	0	0	1	0	0	tn
GCF_057381845.1	Rhamphochromis longiceps	Actinopteri	RYR	1	116	0	0	116	7	1	1	tp
GCF_900324485.3	Mastacembelus armatus	Actinopteri	ITPR1	1	27	0	0	27	2	1	1	tp
GCF_900324485.3	Mastacembelus armatus	Actinopteri	ITPR2	0	0	0	0	0	1	0	0	tn
GCF_900324485.3	Mastacembelus armatus	Actinopteri	ITPR3	0	0	0	0	0	1	0	0	tn
GCF_900324485.3	Mastacembelus armatus	Actinopteri	RYR	1	81	0	0	81	6	0	1	tp
GCF_900634775.2	Gouania willdenowi	Actinopteri	ITPR1	1	29	0	0	29	2	1	1	tp
GCF_900634775.2	Gouania willdenowi	Actinopteri	ITPR2	0	0	0	0	0	1	0	0	tn
GCF_900634775.2	Gouania willdenowi	Actinopteri	ITPR3	0	0	0	0	0	1	0	0	tn
GCF_900634775.2	Gouania willdenowi	Actinopteri	RYR	1	76	0	0	76	6	0	1	tp
GCF_900747795.2	Erpetoichthys calabaricus	Cladistia	ITPR1	0	0	0	0	0	1	0	0	tn
GCF_900747795.2	Erpetoichthys calabaricus	Cladistia	ITPR2	0	0	0	0	0	1	0	0	tn
GCF_900747795.2	Erpetoichthys calabaricus	Cladistia	ITPR3	0	0	0	0	0	1	0	0	tn
GCF_900747795.2	Erpetoichthys calabaricus	Cladistia	RYR	1	17	0	0	17	3	0	1	tp
GCF_900880675.2	Sparus aurata	Actinopteri	ITPR1	1	27	0	0	27	2	1	1	tp
GCF_900880675.2	Sparus aurata	Actinopteri	ITPR2	0	0	0	0	0	1	0	0	tn
GCF_900880675.2	Sparus aurata	Actinopteri	ITPR3	0	0	0	0	0	1	0	0	tn
GCF_900880675.2	Sparus aurata	Actinopteri	RYR	1	63	0	0	63	6	0	1	tp
GCF_901000725.3	Takifugu rubripes	Actinopteri	ITPR1	1	28	0	0	28	2	1	1	tp
GCF_901000725.3	Takifugu rubripes	Actinopteri	ITPR2	0	0	0	0	0	1	0	0	tn
GCF_901000725.3	Takifugu rubripes	Actinopteri	ITPR3	0	0	0	0	0	1	0	0	tn
GCF_901000725.3	Takifugu rubripes	Actinopteri	RYR	1	93	0	0	93	6	0	1	tp
GCF_901001135.2	Rhinatrema bivittatum	Amphibia	ITPR1	0	0	0	0	0	1	0	0	tn
GCF_901001135.2	Rhinatrema bivittatum	Amphibia	ITPR2	0	0	0	0	0	1	0	0	tn
GCF_901001135.2	Rhinatrema bivittatum	Amphibia	ITPR3	0	0	0	0	0	1	0	0	tn
GCF_901001135.2	Rhinatrema bivittatum	Amphibia	RYR	1	18	0	0	18	3	0	1	tp
GCF_902148855.1	Sphaeramia orbicularis	Actinopteri	ITPR1	1	28	0	0	28	2	1	1	tp
GCF_902148855.1	Sphaeramia orbicularis	Actinopteri	ITPR2	0	0	0	0	0	1	0	0	tn
GCF_902148855.1	Sphaeramia orbicularis	Actinopteri	ITPR3	0	0	0	0	0	1	0	0	tn
GCF_902148855.1	Sphaeramia orbicularis	Actinopteri	RYR	1	78	0	0	78	6	0	1	tp
GCF_902150065.1	Myripristis murdjan	Actinopteri	ITPR1	1	27	0	0	27	2	1	1	tp
GCF_902150065.1	Myripristis murdjan	Actinopteri	ITPR2	0	0	0	0	0	1	0	0	tn
GCF_902150065.1	Myripristis murdjan	Actinopteri	ITPR3	0	0	0	0	0	1	0	0	tn
GCF_902150065.1	Myripristis murdjan	Actinopteri	RYR	1	90	0	0	90	6	0	1	tp
GCF_902167405.1	Gadus morhua	Actinopteri	ITPR1	1	28	0	0	28	2	1	1	tp
GCF_902167405.1	Gadus morhua	Actinopteri	ITPR2	0	0	0	0	0	1	0	0	tn
GCF_902167405.1	Gadus morhua	Actinopteri	ITPR3	0	0	0	0	0	1	0	0	tn
GCF_902167405.1	Gadus morhua	Actinopteri	RYR	1	75	0	0	75	6	0	1	tp
GCF_902362185.1	Chanos chanos	Actinopteri	ITPR1	1	27	0	0	27	2	1	1	tp
GCF_902362185.1	Chanos chanos	Actinopteri	ITPR2	0	0	0	0	0	1	0	0	tn
GCF_902362185.1	Chanos chanos	Actinopteri	ITPR3	0	0	0	0	0	1	0	0	tn
GCF_902362185.1	Chanos chanos	Actinopteri	RYR	1	48	0	0	48	6	0	1	tp
GCF_902500255.1	Thalassophryne amazonica	Actinopteri	ITPR1	1	27	0	0	27	2	1	1	tp
GCF_902500255.1	Thalassophryne amazonica	Actinopteri	ITPR2	0	0	0	0	0	1	0	0	tn
GCF_902500255.1	Thalassophryne amazonica	Actinopteri	ITPR3	0	0	0	0	0	1	0	0	tn
GCF_902500255.1	Thalassophryne amazonica	Actinopteri	RYR	1	78	0	0	78	6	0	1	tp
GCF_907165065.1	Caprimulgus europaeus	Aves	ITPR1	0	0	0	0	0	1	0	0	tn
GCF_907165065.1	Caprimulgus europaeus	Aves	ITPR2	0	0	0	0	0	1	0	0	tn
GCF_907165065.1	Caprimulgus europaeus	Aves	ITPR3	0	0	0	0	0	1	0	0	tn
GCF_907165065.1	Caprimulgus europaeus	Aves	RYR	1	5	0	0	5	2	0	1	tp
GCF_933228915.1	Telmatherina bonti	Actinopteri	ITPR1	1	27	0	0	27	2	1	1	tp
GCF_933228915.1	Telmatherina bonti	Actinopteri	ITPR2	0	0	0	0	0	1	0	0	tn
GCF_933228915.1	Telmatherina bonti	Actinopteri	ITPR3	0	0	0	0	0	1	0	0	tn
GCF_933228915.1	Telmatherina bonti	Actinopteri	RYR	1	57	0	0	57	6	0	1	tp
GCF_947461875.1	Haliaeetus albicilla	Aves	ITPR1	0	0	0	0	0	1	0	0	tn
GCF_947461875.1	Haliaeetus albicilla	Aves	ITPR2	0	0	0	0	0	1	0	0	tn
GCF_947461875.1	Haliaeetus albicilla	Aves	ITPR3	0	0	0	0	0	1	0	0	tn
GCF_947461875.1	Haliaeetus albicilla	Aves	RYR	1	15	0	0	15	3	0	1	tp
GCF_949152265.1	Phoxinus phoxinus	Actinopteri	ITPR1	1	27	0	0	27	2	0	1	tp
GCF_949152265.1	Phoxinus phoxinus	Actinopteri	ITPR2	0	0	0	0	0	1	0	0	tn
GCF_949152265.1	Phoxinus phoxinus	Actinopteri	ITPR3	0	0	0	0	0	1	0	0	tn
GCF_949152265.1	Phoxinus phoxinus	Actinopteri	RYR	1	54	0	0	54	6	1	1	tp
GCF_949606895.1	Notothenia rossii	Actinopteri	ITPR1	0	0	0	0	0	1	0	0	tn
GCF_949606895.1	Notothenia rossii	Actinopteri	ITPR2	0	0	0	0	0	1	0	0	tn
GCF_949606895.1	Notothenia rossii	Actinopteri	ITPR3	0	0	0	0	0	1	0	0	tn
GCF_949606895.1	Notothenia rossii	Actinopteri	RYR	1	63	0	0	63	6	0	1	tp
GCF_949987555.1	Borostomias antarcticus	Actinopteri	ITPR1	1	28	0	0	28	2	0	1	tp
GCF_949987555.1	Borostomias antarcticus	Actinopteri	ITPR2	0	0	0	0	0	1	0	0	tn
GCF_949987555.1	Borostomias antarcticus	Actinopteri	ITPR3	0	0	0	0	0	1	0	0	tn
GCF_949987555.1	Borostomias antarcticus	Actinopteri	RYR	1	27	0	0	27	6	0	1	tp
GCF_949987685.1	Ammodytes marinus	Actinopteri	ITPR1	1	27	0	0	27	2	1	1	tp
GCF_949987685.1	Ammodytes marinus	Actinopteri	ITPR2	0	0	0	0	0	1	0	0	tn
GCF_949987685.1	Ammodytes marinus	Actinopteri	ITPR3	0	0	0	0	0	1	0	0	tn
GCF_949987685.1	Ammodytes marinus	Actinopteri	RYR	1	66	0	0	66	6	0	1	tp
GCF_951640355.1	Cnephaeus nilssonii	Mammalia	ITPR1	0	0	0	0	0	1	0	0	tn
GCF_951640355.1	Cnephaeus nilssonii	Mammalia	ITPR2	0	0	0	0	0	1	0	0	tn
GCF_951640355.1	Cnephaeus nilssonii	Mammalia	ITPR3	0	0	0	0	0	1	0	0	tn
GCF_951640355.1	Cnephaeus nilssonii	Mammalia	RYR	1	15	0	0	15	3	0	1	tp
GCF_951799975.1	Gobius niger	Actinopteri	ITPR1	1	28	0	0	28	2	1	1	tp
GCF_951799975.1	Gobius niger	Actinopteri	ITPR2	0	0	0	0	0	1	0	0	tn
GCF_951799975.1	Gobius niger	Actinopteri	ITPR3	0	0	0	0	0	1	0	0	tn
GCF_951799975.1	Gobius niger	Actinopteri	RYR	1	73	0	0	73	5	0	1	tp
GCF_960531495.1	Zeus faber	Actinopteri	ITPR1	1	27	0	0	27	2	1	1	tp
GCF_960531495.1	Zeus faber	Actinopteri	ITPR2	0	0	0	0	0	1	0	0	tn
GCF_960531495.1	Zeus faber	Actinopteri	ITPR3	0	0	0	0	0	1	0	0	tn
GCF_960531495.1	Zeus faber	Actinopteri	RYR	1	50	0	0	50	6	0	1	tp
GCF_963457635.1	Microchirus variegatus	Actinopteri	ITPR1	1	27	0	0	27	2	0	1	tp
GCF_963457635.1	Microchirus variegatus	Actinopteri	ITPR2	0	0	0	0	0	1	0	0	tn
GCF_963457635.1	Microchirus variegatus	Actinopteri	ITPR3	0	0	0	0	0	1	0	0	tn
GCF_963457635.1	Microchirus variegatus	Actinopteri	RYR	1	75	0	0	75	6	0	1	tp
GCF_963514005.1	Raja brachyura	Chondrichthyes	ITPR1	0	0	0	0	0	1	0	0	tn
GCF_963514005.1	Raja brachyura	Chondrichthyes	ITPR2	0	0	0	0	0	1	0	0	tn
GCF_963514005.1	Raja brachyura	Chondrichthyes	ITPR3	0	0	0	0	0	1	0	0	tn
GCF_963514005.1	Raja brachyura	Chondrichthyes	RYR	1	10	0	0	10	3	0	1	tp
GCF_963514075.1	Conger conger	Actinopteri	ITPR1	1	28	0	0	28	2	0	1	tp
GCF_963514075.1	Conger conger	Actinopteri	ITPR2	0	0	0	0	0	1	0	0	tn
GCF_963514075.1	Conger conger	Actinopteri	ITPR3	0	0	0	0	0	1	0	0	tn
GCF_963514075.1	Conger conger	Actinopteri	RYR	1	43	0	0	43	5	0	1	tp
GCF_963514085.1	Chelon labrosus	Actinopteri	ITPR1	1	27	0	0	27	2	1	1	tp
GCF_963514085.1	Chelon labrosus	Actinopteri	ITPR2	0	0	0	0	0	1	0	0	tn
GCF_963514085.1	Chelon labrosus	Actinopteri	ITPR3	0	0	0	0	0	1	0	0	tn
GCF_963514085.1	Chelon labrosus	Actinopteri	RYR	1	96	0	0	96	6	0	1	tp
GCF_963921795.1	Nannobrachium achirus	Actinopteri	ITPR1	1	28	0	0	28	2	1	1	tp
GCF_963921795.1	Nannobrachium achirus	Actinopteri	ITPR2	1	9	0	9	0	2	1	1	tp
GCF_963921795.1	Nannobrachium achirus	Actinopteri	ITPR3	0	0	0	0	0	1	0	0	tn
GCF_963921795.1	Nannobrachium achirus	Actinopteri	RYR	1	48	0	0	48	6	0	1	tp
GCF_963921805.1	Phalacrocorax carbo	Aves	ITPR1	0	0	0	0	0	1	0	0	tn
GCF_963921805.1	Phalacrocorax carbo	Aves	ITPR2	0	0	0	0	0	1	0	0	tn
GCF_963921805.1	Phalacrocorax carbo	Aves	ITPR3	0	0	0	0	0	1	0	0	tn
GCF_963921805.1	Phalacrocorax carbo	Aves	RYR	1	5	0	0	5	2	0	1	tp
GCF_963971535.1	Notolepis coatsorum	Actinopteri	ITPR1	1	17	0	0	17	2	1	1	tp
GCF_963971535.1	Notolepis coatsorum	Actinopteri	ITPR2	0	0	0	0	0	1	0	0	tn
GCF_963971535.1	Notolepis coatsorum	Actinopteri	ITPR3	0	0	0	0	0	1	0	0	tn
GCF_963971535.1	Notolepis coatsorum	Actinopteri	RYR	1	57	0	0	57	5	0	1	tp
GCF_963989245.1	Nansenia antarctica	Actinopteri	ITPR1	1	28	0	0	28	2	0	1	tp
GCF_963989245.1	Nansenia antarctica	Actinopteri	ITPR2	0	0	0	0	0	1	0	0	tn
GCF_963989245.1	Nansenia antarctica	Actinopteri	ITPR3	0	0	0	0	0	1	0	0	tn
GCF_963989245.1	Nansenia antarctica	Actinopteri	RYR	1	93	0	0	93	6	1	1	tp
GCF_964187855.1	Myxine glutinosa	Myxini	ITPR1	1	90	0	0	90	3	0	1	tp
GCF_964187855.1	Myxine glutinosa	Myxini	ITPR2	0	0	0	0	0	0	0	0	tn
GCF_964187855.1	Myxine glutinosa	Myxini	ITPR3	0	0	0	0	0	0	0	0	tn
GCF_964187855.1	Myxine glutinosa	Myxini	RYR	1	8	0	0	8	2	0	1	tp
GCF_964195595.1	Calonectris borealis	Aves	ITPR1	0	0	0	0	0	1	0	0	tn
GCF_964195595.1	Calonectris borealis	Aves	ITPR2	0	0	0	0	0	1	0	0	tn
GCF_964195595.1	Calonectris borealis	Aves	ITPR3	0	0	0	0	0	1	0	0	tn
GCF_964195595.1	Calonectris borealis	Aves	RYR	1	13	0	0	13	3	0	1	tp
GCF_964237555.1	Oryctolagus cuniculus	Mammalia	ITPR1	0	0	0	0	0	1	0	0	tn
GCF_964237555.1	Oryctolagus cuniculus	Mammalia	ITPR2	0	0	0	0	0	1	0	0	tn
GCF_964237555.1	Oryctolagus cuniculus	Mammalia	ITPR3	0	0	0	0	0	1	0	0	tn
GCF_964237555.1	Oryctolagus cuniculus	Mammalia	RYR	1	13	0	0	13	3	0	1	tp
GCF_964237585.1	Gallinula chloropus	Aves	ITPR1	0	0	0	0	0	1	0	0	tn
GCF_964237585.1	Gallinula chloropus	Aves	ITPR2	0	0	0	0	0	1	0	0	tn
GCF_964237585.1	Gallinula chloropus	Aves	ITPR3	0	0	0	0	0	1	0	0	tn
GCF_964237585.1	Gallinula chloropus	Aves	RYR	1	5	0	0	5	2	0	1	tp
GCF_964261635.1	Lissotriton helveticus	Amphibia	ITPR1	0	0	0	0	0	1	0	0	tn
GCF_964261635.1	Lissotriton helveticus	Amphibia	ITPR2	0	0	0	0	0	1	0	0	tn
GCF_964261635.1	Lissotriton helveticus	Amphibia	ITPR3	0	0	0	0	0	1	0	0	tn
GCF_964261635.1	Lissotriton helveticus	Amphibia	RYR	1	22	0	0	22	3	1	1	tp
GCF_964289735.1	Phaethon aethereus	Aves	ITPR1	0	0	0	0	0	1	0	0	tn
GCF_964289735.1	Phaethon aethereus	Aves	ITPR2	0	0	0	0	0	1	0	0	tn
GCF_964289735.1	Phaethon aethereus	Aves	ITPR3	0	0	0	0	0	1	0	0	tn
GCF_964289735.1	Phaethon aethereus	Aves	RYR	1	5	0	0	5	2	0	1	tp
GCF_964417175.1	Larus argentatus	Aves	ITPR1	0	0	0	0	0	1	0	0	tn
GCF_964417175.1	Larus argentatus	Aves	ITPR2	0	0	0	0	0	1	0	0	tn
GCF_964417175.1	Larus argentatus	Aves	ITPR3	0	0	0	0	0	1	0	0	tn
GCF_964417175.1	Larus argentatus	Aves	RYR	1	5	0	0	5	2	0	1	tp
GCF_964638095.1	Poromitra crassiceps	Actinopteri	ITPR1	1	28	0	0	28	2	0	1	tp
GCF_964638095.1	Poromitra crassiceps	Actinopteri	ITPR2	0	0	0	0	0	1	0	0	tn
GCF_964638095.1	Poromitra crassiceps	Actinopteri	ITPR3	0	0	0	0	0	1	0	0	tn
GCF_964638095.1	Poromitra crassiceps	Actinopteri	RYR	1	63	0	0	63	6	0	1	tp
GCF_965183815.1	Platalea leucorodia	Aves	ITPR1	0	0	0	0	0	1	0	0	tn
GCF_965183815.1	Platalea leucorodia	Aves	ITPR2	0	0	0	0	0	1	0	0	tn
GCF_965183815.1	Platalea leucorodia	Aves	ITPR3	0	0	0	0	0	1	0	0	tn
GCF_965183815.1	Platalea leucorodia	Aves	RYR	1	13	0	0	13	3	0	1	tp
GCF_965601325.1	Salmo salar	Actinopteri	ITPR1	1	168	0	0	168	4	1	1	tp
GCF_965601325.1	Salmo salar	Actinopteri	ITPR2	1	17	0	0	17	2	0	1	tp
GCF_965601325.1	Salmo salar	Actinopteri	ITPR3	1	17	0	0	17	2	0	1	tp
GCF_965601325.1	Salmo salar	Actinopteri	RYR	1	201	0	0	201	10	1	1	tp
GCF_965638725.1	Aptenodytes patagonicus	Aves	ITPR1	0	0	0	0	0	1	0	0	tn
GCF_965638725.1	Aptenodytes patagonicus	Aves	ITPR2	0	0	0	0	0	1	0	0	tn
GCF_965638725.1	Aptenodytes patagonicus	Aves	ITPR3	0	0	0	0	0	1	0	0	tn
GCF_965638725.1	Aptenodytes patagonicus	Aves	RYR	1	5	0	0	5	2	0	1	tp
