accession	label	kind	call	group	paralog	species	kingdom	phylum	length	source	in_alphafold	afdb_status	model_accession	afdb_entry	model_length	model_coverage	is_canonical	afdb_version	seq_version_date	error
A0A058ZDJ2	protist_Fonticula_alba_Slime_mold_A0A058ZDJ2	uniprot	ITPR	protist		Fonticula alba (Slime mold)			3443	InterPro		absent			0	0.0				404
A0A078ASZ8	protist_Stylonychia_lemnae_Ciliate_A0A078ASZ8	uniprot	ITPR	protist		Stylonychia lemnae (Ciliate)		Ciliophora	2773	InterPro		absent			0	0.0				404
A0A0V1CUW8	invert_metazoa_Trichinella_britovi_Parasitic_roundwor_A0A0V1CUW8	uniprot	ITPR	invert_metazoa		Trichinella britovi (Parasitic roundworm)	Metazoa	Nematoda	2676	InterPro		absent			0	0.0				404
A0A1S3JYY5	invert_metazoa_Lingula_anatina_Brachiopod_Lingula_ung_A0A1S3JYY5	uniprot	ITPR	invert_metazoa		Lingula anatina (Brachiopod) (Lingula unguis)	Metazoa	Brachiopoda	2595	InterPro		absent			0	0.0				404
A0A1W0X7L5	invert_metazoa_Hypsibius_exemplaris_Freshwater_tardig_A0A1W0X7L5	uniprot	ITPR	invert_metazoa		Hypsibius exemplaris (Freshwater tardigrade)	Metazoa	Tardigrada	2720	InterPro		absent			0	0.0				404
A0A2K3CTW4	plant_Chlamydomonas_reinhardtii_Chlamydomona_A0A2K3CTW4	uniprot	ITPR	plant		Chlamydomonas reinhardtii (Chlamydomonas smithii)	Viridiplantae	Chlorophyta	3210	InterPro		absent			0	0.0				404
A0A401RNU3	vertebrate_basal_Chiloscyllium_punctatum_Brownbanded_ba_A0A401RNU3	uniprot	ITPR	vertebrate_basal		Chiloscyllium punctatum (Brownbanded bambooshark) (Hemiscyllium punctatum)	Metazoa	Chordata	2211	InterPro		absent			0	0.0				404
A0A401S8Q3	vertebrate_basal_Chiloscyllium_punctatum_Brownbanded_ba_A0A401S8Q3	uniprot	ITPR	vertebrate_basal		Chiloscyllium punctatum (Brownbanded bambooshark) (Hemiscyllium punctatum)	Metazoa	Chordata	2490	InterPro		absent			0	0.0				404
A0A401SQC9	vertebrate_basal_Chiloscyllium_punctatum_Brownbanded_ba_A0A401SQC9	uniprot	ITPR	vertebrate_basal		Chiloscyllium punctatum (Brownbanded bambooshark) (Hemiscyllium punctatum)	Metazoa	Chordata	2705	InterPro		absent			0	0.0				404
A0A433QY11	fungi_Jimgerdemannia_flammicorona_A0A433QY11	uniprot	ITPR	Fungi		Jimgerdemannia flammicorona	Fungi	Mucoromycota	2599	InterPro		absent			0	0.0				404
A0A485LKV7	protist_Aphanomyces_stellatus_A0A485LKV7	uniprot	ITPR	protist		Aphanomyces stellatus		Oomycota	2815	InterPro		absent			0	0.0				404
A0A4E0RYC0	invert_metazoa_Fasciola_hepatica_Liver_fluke_A0A4E0RYC0	uniprot	ITPR	invert_metazoa		Fasciola hepatica (Liver fluke)	Metazoa	Platyhelminthes	2838	InterPro		absent			0	0.0				404
A0A4W3GWE7	ITPR3_Callorhinchus_milii_Ghost_shark_A0A4W3GWE7	uniprot	ITPR	ITPR3	ITPR3	Callorhinchus milii (Ghost shark)	Metazoa	Chordata	2630	InterPro		absent			0	0.0				404
A0A4W3IQL0	vertebrate_basal_Callorhinchus_milii_Ghost_shark_A0A4W3IQL0	uniprot	ITPR	vertebrate_basal		Callorhinchus milii (Ghost shark)	Metazoa	Chordata	2668	InterPro		absent			0	0.0				404
A0A4W3JHJ0	vertebrate_basal_Callorhinchus_milii_Ghost_shark_A0A4W3JHJ0	uniprot	ITPR	vertebrate_basal		Callorhinchus milii (Ghost shark)	Metazoa	Chordata	2683	InterPro		absent			0	0.0				404
A0A4W3JQ24	vertebrate_basal_Callorhinchus_milii_Ghost_shark_A0A4W3JQ24	uniprot	ITPR	vertebrate_basal		Callorhinchus milii (Ghost shark)	Metazoa	Chordata	2667	InterPro		absent			0	0.0				404
A0A4Y2F2N2	invert_metazoa_Araneus_ventricosus_Orbweaver_spider_E_A0A4Y2F2N2	uniprot	ITPR	invert_metazoa		Araneus ventricosus (Orbweaver spider) (Epeira ventricosa)	Metazoa	Arthropoda	2774	InterPro		absent			0	0.0				404
A0A663MIF9	ITPR3_Athene_cunicularia_Burrowing_owl_Speot_A0A663MIF9	uniprot	ITPR	ITPR3	ITPR3	Athene cunicularia (Burrowing owl) (Speotyto cunicularia)	Metazoa	Chordata	2666	InterPro		absent			0	0.0				404
A0A670JBK6	ITPR1_Podarcis_muralis_Wall_lizard_Lacerta_m_A0A670JBK6	uniprot	ITPR	ITPR1	ITPR1	Podarcis muralis (Wall lizard) (Lacerta muralis)	Metazoa	Chordata	2747	InterPro		absent			0	0.0				404
A0A672IUQ7	ITPR1_Salarias_fasciatus_Jewelled_blenny_Ble_A0A672IUQ7	uniprot	ITPR	ITPR1	ITPR1	Salarias fasciatus (Jewelled blenny) (Blennius fasciatus)	Metazoa	Chordata	2748	InterPro		absent			0	0.0				404
A0A672UP22	ITPR2_Strigops_habroptila_Kakapo_A0A672UP22	uniprot	ITPR	ITPR2	ITPR2	Strigops habroptila (Kakapo)	Metazoa	Chordata	2700	InterPro		absent			0	0.0				404
A0A6A5C2J4	protist_Naegleria_fowleri_Brain_eating_amoeba_A0A6A5C2J4	uniprot	ITPR	protist		Naegleria fowleri (Brain eating amoeba)		Heterolobosea	2801	InterPro		absent			0	0.0				404
A0A6A7G5P7	invert_metazoa_Hirondellea_gigas_A0A6A7G5P7	uniprot	ITPR	invert_metazoa		Hirondellea gigas	Metazoa	Arthropoda	2775	InterPro		absent			0	0.0				404
A0A6F9DES0	invert_metazoa_Phallusia_mammillata_A0A6F9DES0	uniprot	ITPR	invert_metazoa	ITPR2	Phallusia mammillata	Metazoa	Chordata	2802	InterPro		absent			0	0.0				404
A0A6I8RGU0	ITPR2_Xenopus_tropicalis_Western_clawed_frog_A0A6I8RGU0	uniprot	ITPR	ITPR2	ITPR2	Xenopus tropicalis (Western clawed frog) (Silurana tropicalis)	Metazoa	Chordata	2705	InterPro		absent			0	0.0				404
A0A6J0TV85	ITPR3_Pogona_vitticeps_central_bearded_drago_A0A6J0TV85	uniprot	ITPR	ITPR3	ITPR3	Pogona vitticeps (central bearded dragon)	Metazoa	Chordata	2666	InterPro		absent			0	0.0				404
A0A6J2VJN0	ITPR1_Chanos_chanos_Milkfish_Mugil_chanos_A0A6J2VJN0	uniprot	ITPR	ITPR1	ITPR1	Chanos chanos (Milkfish) (Mugil chanos)	Metazoa	Chordata	2716	InterPro		absent			0	0.0				404
A0A6J2VNY7	ITPR1_Chanos_chanos_Milkfish_Mugil_chanos_A0A6J2VNY7	uniprot	ITPR	ITPR1	ITPR1	Chanos chanos (Milkfish) (Mugil chanos)	Metazoa	Chordata	2694	InterPro		absent			0	0.0				404
A0A6J7ZY28	invert_metazoa_Mytilus_coruscus_Sea_mussel_A0A6J7ZY28	uniprot	ITPR	invert_metazoa		Mytilus coruscus (Sea mussel)	Metazoa	Mollusca	2778	InterPro		absent			0	0.0				404
A0A6P8IUM8	invert_metazoa_Actinia_tenebrosa_Australian_red_warat_A0A6P8IUM8	uniprot	ITPR	invert_metazoa		Actinia tenebrosa (Australian red waratah sea anemone)	Metazoa	Cnidaria	2745	InterPro		absent			0	0.0				404
A0A7J7J401	invert_metazoa_Bugula_neritina_Brown_bryozoan_Sertula_A0A7J7J401	uniprot	ITPR	invert_metazoa		Bugula neritina (Brown bryozoan) (Sertularia neritina)	Metazoa	Bryozoa	1724	InterPro		absent			0	0.0				404
A0A813MP72	invert_metazoa_Brachionus_calyciflorus_A0A813MP72	uniprot	ITPR	invert_metazoa		Brachionus calyciflorus	Metazoa	Rotifera	3029	InterPro		absent			0	0.0				404
A0A836HD65	protist_Leishmania_martiniquensis_A0A836HD65	uniprot	ITPR	protist		Leishmania martiniquensis		Euglenozoa	2853	InterPro		absent			0	0.0				404
A0A8C6KWV8	ITPR3_Nothobranchius_furzeri_Turquoise_killi_A0A8C6KWV8	uniprot	ITPR	ITPR3	ITPR3	Nothobranchius furzeri (Turquoise killifish)	Metazoa	Chordata	2670	InterPro		absent			0	0.0				404
A0A8J0SYK9	ITPR3_Xenopus_tropicalis_Western_clawed_frog_A0A8J0SYK9	uniprot	ITPR	ITPR3	ITPR3	Xenopus tropicalis (Western clawed frog) (Silurana tropicalis)	Metazoa	Chordata	2673	InterPro		absent			0	0.0				404
A0A8J0T3U5	ITPR1_Xenopus_tropicalis_Western_clawed_frog_A0A8J0T3U5	uniprot	ITPR	ITPR1	ITPR1	Xenopus tropicalis (Western clawed frog) (Silurana tropicalis)	Metazoa	Chordata	2743	InterPro		absent			0	0.0				404
A0A8K0A0Y4	invert_metazoa_Branchiostoma_lanceolatum_Common_lance_A0A8K0A0Y4	uniprot	ITPR	invert_metazoa	ITPR1	Branchiostoma lanceolatum (Common lancelet) (Amphioxus lanceolatum)	Metazoa	Chordata	2783	InterPro		absent			0	0.0				404
A0A8M2BDG0	ITPR1_Danio_rerio_Zebrafish_Brachydanio_reri_A0A8M2BDG0	uniprot	ITPR	ITPR1	ITPR1	Danio rerio (Zebrafish) (Brachydanio rerio)	Metazoa	Chordata	2711	InterPro		absent			0	0.0				404
A0A8M6Z266	ITPR3_Danio_rerio_Zebrafish_Brachydanio_reri_A0A8M6Z266	uniprot	ITPR	ITPR3	ITPR3	Danio rerio (Zebrafish) (Brachydanio rerio)	Metazoa	Chordata	2635	InterPro		full	A0A8M6Z266	AF-A0A8M6Z266-F1	2635	1.0	1	6	2022-08-03	
A0A8M9PQQ3	ITPR2_Danio_rerio_Zebrafish_Brachydanio_reri_A0A8M9PQQ3	uniprot	ITPR	ITPR2	ITPR2	Danio rerio (Zebrafish) (Brachydanio rerio)	Metazoa	Chordata	2665	InterPro		full	A0A8M9PQQ3	AF-A0A8M9PQQ3-F1	2665	1.0	1	6	2022-08-03	
A0A8V0ZJT0	ITPR1_Gallus_gallus_Chicken_A0A8V0ZJT0	uniprot	ITPR	ITPR1	ITPR1	Gallus gallus (Chicken)	Metazoa	Chordata	2779	InterPro		absent			0	0.0				404
A0A8V1ACE6	ITPR3_Gallus_gallus_Chicken_A0A8V1ACE6	uniprot	ITPR	ITPR3	ITPR3	Gallus gallus (Chicken)	Metazoa	Chordata	2664	InterPro		absent			0	0.0				404
A0A9W7AFH6	protist_Triparma_retinervis_A0A9W7AFH6	uniprot	ITPR	protist		Triparma retinervis			2897	InterPro		absent			0	0.0				404
A0A9W7DWA0	protist_Triparma_laevis_f._longispina_A0A9W7DWA0	uniprot	ITPR	protist		Triparma laevis f. longispina			3056	InterPro		absent			0	0.0				404
A0AA88KEU5	protist_Naegleria_lovaniensis_Amoeba_A0AA88KEU5	uniprot	ITPR	protist		Naegleria lovaniensis (Amoeba)		Heterolobosea	3074	InterPro		absent			0	0.0				404
A0AAE0G204	plant_Cymbomonas_tetramitiformis_A0AAE0G204	uniprot	ITPR	plant		Cymbomonas tetramitiformis	Viridiplantae	Chlorophyta	2900	InterPro		absent			0	0.0				404
A0AAJ7U4X1	vertebrate_basal_Petromyzon_marinus_Sea_lamprey_A0AAJ7U4X1	uniprot	ITPR	vertebrate_basal		Petromyzon marinus (Sea lamprey)	Metazoa	Chordata	2838	InterPro		absent			0	0.0				404
A0AAN0JIF7	invert_metazoa_Amphimedon_queenslandica_Sponge_A0AAN0JIF7	uniprot	ITPR	invert_metazoa		Amphimedon queenslandica (Sponge)	Metazoa	Porifera	2766	InterPro		absent			0	0.0				404
A0AAN9BAK1	invert_metazoa_Littorina_saxatilis_A0AAN9BAK1	uniprot	ITPR	invert_metazoa		Littorina saxatilis	Metazoa	Mollusca	2744	InterPro		absent			0	0.0				404
A0AAX7UHL1	ITPR2_Astatotilapia_calliptera_Eastern_river_A0AAX7UHL1	uniprot	ITPR	ITPR2	ITPR2	Astatotilapia calliptera (Eastern river bream) (Chromis callipterus)	Metazoa	Chordata	2701	InterPro		absent			0	0.0				404
A0AB32U288	ITPR1_Danio_rerio_Zebrafish_Brachydanio_reri_A0AB32U288	uniprot	ITPR	ITPR1	ITPR1	Danio rerio (Zebrafish) (Brachydanio rerio)	Metazoa	Chordata	2716	InterPro		absent			0	0.0				404
A0AB34K5R9	protist_Prymnesium_parvum_Toxic_golden_alga_A0AB34K5R9	uniprot	ITPR	protist		Prymnesium parvum (Toxic golden alga)		Haptophyta	2629	InterPro		absent			0	0.0				404
A0ABM1LG32	ITPR2_Gekko_japonicus_Schlegel_s_Japanese_ge_A0ABM1LG32	uniprot	ITPR	ITPR2	ITPR2	Gekko japonicus (Schlegel's Japanese gecko)	Metazoa	Chordata	2701	InterPro		absent			0	0.0				404
A0ABM1SEU6	invert_metazoa_Limulus_polyphemus_Atlantic_horseshoe__A0ABM1SEU6	uniprot	ITPR	invert_metazoa		Limulus polyphemus (Atlantic horseshoe crab)	Metazoa	Arthropoda	2790	InterPro		absent			0	0.0				404
A0ABM4F3U0	ITPR1_Apteryx_mantelli_North_Island_brown_ki_A0ABM4F3U0	uniprot	ITPR	ITPR1	ITPR1	Apteryx mantelli (North Island brown kiwi)	Metazoa	Chordata	2750	InterPro		absent			0	0.0				404
A0ABQ8UZM6	protist_Paratrimastix_pyriformis_A0ABQ8UZM6	uniprot	ITPR	protist		Paratrimastix pyriformis		Preaxostyla	2857	InterPro		absent			0	0.0				404
A0AC58JVG8	ITPR1_Danio_rerio_Zebrafish_Brachydanio_reri_A0AC58JVG8	uniprot	ITPR	ITPR1	ITPR1	Danio rerio (Zebrafish) (Brachydanio rerio)	Metazoa	Chordata	2668	InterPro		absent			0	0.0				404
A0ACC2TPX2	fungi_Entomophthora_muscae_A0ACC2TPX2	uniprot	ITPR	Fungi		Entomophthora muscae	Fungi	Entomophthoromycota	2567	InterPro		absent			0	0.0				404
A0ACF8YJ40	invert_metazoa_Mnemiopsis_leidyi_Sea_walnut_Warty_com_A0ACF8YJ40	uniprot	ITPR	invert_metazoa		Mnemiopsis leidyi (Sea walnut) (Warty comb jellyfish)	Metazoa	Ctenophora	2716	InterPro		absent			0	0.0				404
A0ACM8BRT5	vertebrate_basal_Petromyzon_marinus_Sea_lamprey_A0ACM8BRT5	uniprot	ITPR	vertebrate_basal		Petromyzon marinus (Sea lamprey)	Metazoa	Chordata	2737	InterPro		absent			0	0.0				404
A0ACM8C056	vertebrate_basal_Petromyzon_marinus_Sea_lamprey_A0ACM8C056	uniprot	ITPR	vertebrate_basal		Petromyzon marinus (Sea lamprey)	Metazoa	Chordata	2773	InterPro		absent			0	0.0				404
A0ACM8C709	invert_metazoa_Saccoglossus_kowalevskii_Acorn_worm_A0ACM8C709	uniprot	ITPR	invert_metazoa		Saccoglossus kowalevskii (Acorn worm)	Metazoa	Hemichordata	2596	InterPro		absent			0	0.0				404
B3RUD1	invert_metazoa_Trichoplax_adhaerens_Trichoplax_reptan_B3RUD1	uniprot	ITPR	invert_metazoa		Trichoplax adhaerens (Trichoplax reptans)	Metazoa	Placozoa	2486	InterPro		absent			0	0.0				404
D8UKJ4	plant_Volvox_carteri_f._nagariensis_D8UKJ4	uniprot	ITPR	plant		Volvox carteri f. nagariensis	Viridiplantae	Chlorophyta	3167	InterPro		absent			0	0.0				404
F1P1X4	ITPR2_Gallus_gallus_Chicken_F1P1X4	uniprot	ITPR	ITPR2	ITPR2	Gallus gallus (Chicken)	Metazoa	Chordata	2700	InterPro		absent			0	0.0				404
GCA_001642005.1|copy1|LWCA01000495.1:548-21435	invert_metazoa_Intoshia_linei_GCA_001642005.1_copy1_548	other	ITPR	invert_metazoa		Intoshia linei	Metazoa	Orthonectida	1571	S23 genome sweep		not_applicable			0	0.0				accession is not a UniProt accession
GCA_001970955.1|copy1|MPUH01000666.1:8516-32703	protist_Stentor_coeruleus_GCA_001970955.1_copy1_8516	other	ITPR	protist		Stentor coeruleus		Ciliophora	2518	S23 genome sweep		not_applicable			0	0.0				accession is not a UniProt accession
GCA_001970955.1|copy2|MPUH01000256.1:370-61003	protist_Stentor_coeruleus_GCA_001970955.1_copy2_370	other	ITPR	protist		Stentor coeruleus		Ciliophora	2574	S23 genome sweep		not_applicable			0	0.0				accession is not a UniProt accession
GCA_001970955.1|copy3|MPUH01000014.1:5764-73754	protist_Stentor_coeruleus_GCA_001970955.1_copy3_5764	other	ITPR	protist		Stentor coeruleus		Ciliophora	2578	S23 genome sweep		not_applicable			0	0.0				accession is not a UniProt accession
GCA_001970955.1|copy5|MPUH01000387.1:35430-43250	protist_Stentor_coeruleus_GCA_001970955.1_copy5_35430	other	ITPR	protist		Stentor coeruleus		Ciliophora	2606	S23 genome sweep		not_applicable			0	0.0				accession is not a UniProt accession
GCA_002269645.1|copy10|NIVC01000024.1:370736-419134	invert_metazoa_Macrostomum_lignano_GCA_002269645.1_copy10_370736	other	ITPR	invert_metazoa		Macrostomum lignano	Metazoa	Platyhelminthes	2796	S23 genome sweep		not_applicable			0	0.0				accession is not a UniProt accession
GCA_002269645.1|copy2|NIVC01003713.1:9986-44829	invert_metazoa_Macrostomum_lignano_GCA_002269645.1_copy2_9986	other	ITPR	invert_metazoa		Macrostomum lignano	Metazoa	Platyhelminthes	2808	S23 genome sweep		not_applicable			0	0.0				accession is not a UniProt accession
GCA_002269645.1|copy5|NIVC01000023.1:191213-317060	invert_metazoa_Macrostomum_lignano_GCA_002269645.1_copy5_191213	other	ITPR	invert_metazoa		Macrostomum lignano	Metazoa	Platyhelminthes	2740	S23 genome sweep		not_applicable			0	0.0				accession is not a UniProt accession
GCA_002269645.1|copy8|NIVC01002299.1:50053-107851	invert_metazoa_Macrostomum_lignano_GCA_002269645.1_copy8_50053	other	ITPR	invert_metazoa		Macrostomum lignano	Metazoa	Platyhelminthes	2740	S23 genome sweep		not_applicable			0	0.0				accession is not a UniProt accession
GCA_003113815.1|ITPR3|QEPC01007384.1:3264626-3429450+	ITPR3_Sphenodon_punctatus_GCA_003113815.1_ITPR3_3264626	other	ITPR	ITPR3	ITPR3	Sphenodon punctatus	Metazoa	Chordata	2667	S5_genome		not_applicable			0	0.0				accession is not a UniProt accession
GCA_007760645.1|ITPR3|RWJT01022005.1:5949234-6016275+	ITPR3_Sousa_chinensis_GCA_007760645.1_ITPR3_5949234	other	ITPR	ITPR3	ITPR3	Sousa chinensis	Metazoa	Chordata	2672	S5_genome		not_applicable			0	0.0				accession is not a UniProt accession
GCA_011109175.1|copy1|RDEW01000002.1:1388155-1683411	invert_metazoa_Dicyema_japonicum_GCA_011109175.1_copy1_1388155	other	ITPR	invert_metazoa		Dicyema japonicum	Metazoa	Dicyemida	2660	S23 genome sweep		not_applicable			0	0.0				accession is not a UniProt accession
GCA_014281875.1|ITPR2|CM024800.1:12447838-12500306-	ITPR2_Nibea_albiflora_GCA_014281875.1_ITPR2_12447838	other	ITPR	ITPR2	ITPR2	Nibea albiflora	Metazoa	Chordata	2673	S5_genome		not_applicable			0	0.0				accession is not a UniProt accession
GCA_019447015.1|ITPR3|CM033470.1:126480658-127318646+	ITPR3_Hymenochirus_boettgeri_GCA_019447015.1_ITPR3_126480658	other	ITPR	ITPR3	ITPR3	Hymenochirus boettgeri	Metazoa	Chordata	2666	S5_genome		not_applicable			0	0.0				accession is not a UniProt accession
GCA_020696425.1|copy1|JAGUQM010000094.1:85472-94980	protist_Vermamoeba_vermiformis_GCA_020696425.1_copy1_85472	other	ITPR	protist		Vermamoeba vermiformis		Tubulinea	2530	S23 genome sweep		not_applicable			0	0.0				accession is not a UniProt accession
GCA_028023455.1|copy1|JAQFVV010000038.1:8600421-9493919	invert_metazoa_Epiperipatus_broadwayi_GCA_028023455.1_copy1_8600421	other	ITPR	invert_metazoa		Epiperipatus broadwayi	Metazoa	Onychophora	2571	S23 genome sweep		not_applicable			0	0.0				accession is not a UniProt accession
GCA_030141605.1|copy1|JAQGDQ010000251.1:290621-325953	invert_metazoa_Tubiluchus_corallicola_GCA_030141605.1_copy1_290621	other	ITPR	invert_metazoa		Tubiluchus corallicola	Metazoa	Priapulida	1924	S23 genome sweep		not_applicable			0	0.0				accession is not a UniProt accession
GCA_031835075.1|ITPR3|CM063172.1:43596197-43906199+	ITPR3_Saguinus_oedipus_GCA_031835075.1_ITPR3_43596197	other	ITPR	ITPR3	ITPR3	Saguinus oedipus	Metazoa	Chordata	2672	S5_genome		not_applicable			0	0.0				accession is not a UniProt accession
GCA_036172245.1|copy1|JAYWIR010000015.1:155838-467760	invert_metazoa_Raillietiella_orientalis_GCA_036172245.1_copy1_155838	other	ITPR	invert_metazoa		Raillietiella orientalis	Metazoa	Arthropoda	2754	S23 genome sweep		not_applicable			0	0.0				accession is not a UniProt accession
GCA_047495785.1|copy1|JBLDXI010000002.1:1478289-1681700	invert_metazoa_Lepidodermella_squamata_GCA_047495785.1_copy1_1478289	other	ITPR	invert_metazoa		Lepidodermella squamata	Metazoa	Gastrotricha	2750	S23 genome sweep		not_applicable			0	0.0				accession is not a UniProt accession
GCA_051530055.1|copy1|CM121342.1:5945861-6356314	invert_metazoa_Neoechinorhynchus_agilis_GCA_051530055.1_copy1_5945861	other	ITPR	invert_metazoa		Neoechinorhynchus agilis	Metazoa	Acanthocephala	1562	S23 genome sweep		not_applicable			0	0.0				accession is not a UniProt accession
GCA_054084135.1|ITPR3|CM133804.1:2574051-2620493+	ITPR3_Copsychus_sechellarum_GCA_054084135.1_ITPR3_2574051	other	ITPR	ITPR3	ITPR3	Copsychus sechellarum	Metazoa	Chordata	2671	S5_genome		not_applicable			0	0.0				accession is not a UniProt accession
GCA_055505105.1|copy2|CM145307.1:18943062-19100975	invert_metazoa_Phoronis_australis_GCA_055505105.1_copy2_18943062	other	ITPR	invert_metazoa		Phoronis australis	Metazoa	Phoronida	2769	S23 genome sweep		not_applicable			0	0.0				accession is not a UniProt accession
GCA_056776345.1|ITPR3|CM165329.1:2783550-2828148+	ITPR3_Spizella_passerina_GCA_056776345.1_ITPR3_2783550	other	ITPR	ITPR3	ITPR3	Spizella passerina	Metazoa	Chordata	2671	S5_genome		not_applicable			0	0.0				accession is not a UniProt accession
GCA_057876775.1|ITPR2|CM174645.1:17288896-17593392+	ITPR2_Echinorhinus_cookei_GCA_057876775.1_ITPR2_17288896	other	ITPR	ITPR2	ITPR2	Echinorhinus cookei	Metazoa	Chordata	2704	S5_genome		not_applicable			0	0.0				accession is not a UniProt accession
GCA_057876775.1|ITPR3|CM174648.1:46076206-46431389-	ITPR3_Echinorhinus_cookei_GCA_057876775.1_ITPR3_46076206	other	ITPR	ITPR3	ITPR3	Echinorhinus cookei	Metazoa	Chordata	2633	S5_genome		not_applicable			0	0.0				accession is not a UniProt accession
GCA_904063045.1|copy1|CAJFCJ010000020.1:1267705-1610699	invert_metazoa_Dimorphilus_gyrociliatus_GCA_904063045.1_copy1_1267705	other	ITPR	invert_metazoa		Dimorphilus gyrociliatus	Metazoa	Annelida	2609	S23 genome sweep		not_applicable			0	0.0				accession is not a UniProt accession
GCA_904063045.1|copy2|CAJFCJ010000001.1:131952-609201	invert_metazoa_Dimorphilus_gyrociliatus_GCA_904063045.1_copy2_131952	other	ITPR	invert_metazoa		Dimorphilus gyrociliatus	Metazoa	Annelida	2499	S23 genome sweep		not_applicable			0	0.0				accession is not a UniProt accession
GCA_904063045.1|copy4|CAJFCJ010000003.1:2597059-2851898	invert_metazoa_Dimorphilus_gyrociliatus_GCA_904063045.1_copy4_2597059	other	ITPR	invert_metazoa		Dimorphilus gyrociliatus	Metazoa	Annelida	2759	S23 genome sweep		not_applicable			0	0.0				accession is not a UniProt accession
GCA_904063045.1|copy5|CAJFCJ010000007.1:3583648-3595592	invert_metazoa_Dimorphilus_gyrociliatus_GCA_904063045.1_copy5_3583648	other	ITPR	invert_metazoa		Dimorphilus gyrociliatus	Metazoa	Annelida	2579	S23 genome sweep		not_applicable			0	0.0				accession is not a UniProt accession
GCA_965153355.1|copy1|OZ231133.1:35611522-36440834	invert_metazoa_Flaccisagitta_enflata_GCA_965153355.1_copy1_35611522	other	ITPR	invert_metazoa		Flaccisagitta enflata	Metazoa	Chaetognatha	2591	S23 genome sweep		not_applicable			0	0.0				accession is not a UniProt accession
GCA_976986565.1|copy1|OZ335996.1:11909076-12015791	invert_metazoa_Gordionus_wolterstorffii_GCA_976986565.1_copy1_11909076	other	ITPR	invert_metazoa		Gordionus wolterstorffii	Metazoa	Nematomorpha	2634	S23 genome sweep		not_applicable			0	0.0				accession is not a UniProt accession
GCF_000186865.1|copy2|NW_008705608.1:139898-148273	protist_Aureococcus_anophagefferens_GCF_000186865.1_copy2_139898	other	ITPR	protist		Aureococcus anophagefferens			2494	S23 genome sweep		not_applicable			0	0.0				accession is not a UniProt accession
GCF_037176945.1|ITPR1|NC_088152.1:35775795-36028576+	vertebrate_basal_Latimeria_chalumnae_GCF_037176945.1_ITPR1_35775795	other	ITPR	vertebrate_basal		Latimeria chalumnae	Metazoa	Chordata	2730	S5_genome		not_applicable			0	0.0				accession is not a UniProt accession
GCF_052327205.1|ITPR1|NC_140997.1:147905519-148503708+	ITPR1_Somniosus_microcephalus_GCF_052327205.1_ITPR1_147905519	other	ITPR	ITPR1	ITPR1	Somniosus microcephalus	Metazoa	Chordata	2752	S5_genome		not_applicable			0	0.0				accession is not a UniProt accession
GCF_963678975.1|copy2|NC_089275.1:7972063-8334879	invert_metazoa_Dysidea_avara_GCF_963678975.1_copy2_7972063	other	ITPR	invert_metazoa		Dysidea avara	Metazoa	Porifera	2471	S23 genome sweep		not_applicable			0	0.0				accession is not a UniProt accession
GCF_963678975.1|copy5|NC_089281.1:27474136-27791181	invert_metazoa_Dysidea_avara_GCF_963678975.1_copy5_27474136	other	ITPR	invert_metazoa		Dysidea avara	Metazoa	Porifera	2584	S23 genome sweep		not_applicable			0	0.0				accession is not a UniProt accession
GCF_963678975.1|copy6|NC_089278.1:5305343-5331583	invert_metazoa_Dysidea_avara_GCF_963678975.1_copy6_5305343	other	ITPR	invert_metazoa		Dysidea avara	Metazoa	Porifera	2434	S23 genome sweep		not_applicable			0	0.0				accession is not a UniProt accession
GCF_963678975.1|copy7|NC_089273.1:13836631-14196065	invert_metazoa_Dysidea_avara_GCF_963678975.1_copy7_13836631	other	ITPR	invert_metazoa		Dysidea avara	Metazoa	Porifera	2608	S23 genome sweep		not_applicable			0	0.0				accession is not a UniProt accession
GCF_964187855.1|ITPR1|NC_136261.1:297520938-297891384-	vertebrate_basal_Myxine_glutinosa_GCF_964187855.1_ITPR1_297520938	other	ITPR	vertebrate_basal		Myxine glutinosa	Metazoa	Chordata	2737	S5_genome		not_applicable			0	0.0				accession is not a UniProt accession
GCF_964187855.1|ITPR1|NC_136264.1:122839381-123519227-	vertebrate_basal_Myxine_glutinosa_GCF_964187855.1_ITPR1_122839381	other	ITPR	vertebrate_basal		Myxine glutinosa	Metazoa	Chordata	2730	S5_genome		not_applicable			0	0.0				accession is not a UniProt accession
GCF_964187855.1|ITPR1|NC_136272.1:86116883-86302368-	vertebrate_basal_Myxine_glutinosa_GCF_964187855.1_ITPR1_86116883	other	ITPR	vertebrate_basal		Myxine glutinosa	Metazoa	Chordata	2710	S5_genome		not_applicable			0	0.0				accession is not a UniProt accession
GCF_964194025.1|copy1|NC_134474.1:11915090-12088704	invert_metazoa_Convolutriloba_macropyga_GCF_964194025.1_copy1_11915090	other	ITPR	invert_metazoa		Convolutriloba macropyga	Metazoa	Xenacoelomorpha	2960	S23 genome sweep		not_applicable			0	0.0				accession is not a UniProt accession
GCF_964204645.1|copy2|NC_134025.1:7918633-7954918	invert_metazoa_Tubulanus_polymorphus_GCF_964204645.1_copy2_7918633	other	ITPR	invert_metazoa		Tubulanus polymorphus	Metazoa	Nemertea	2610	S23 genome sweep		not_applicable			0	0.0				accession is not a UniProt accession
H3A1P5	ITPR1_Latimeria_chalumnae_Coelacanth_H3A1P5	uniprot	ITPR	ITPR1	ITPR1	Latimeria chalumnae (Coelacanth)	Metazoa	Chordata	2725	InterPro		absent			0	0.0				404
H3B932	ITPR3_Latimeria_chalumnae_Coelacanth_H3B932	uniprot	ITPR	ITPR3	ITPR3	Latimeria chalumnae (Coelacanth)	Metazoa	Chordata	2675	InterPro		absent			0	0.0				404
L8GF85	protist_Acanthamoeba_castellanii_strain_ATCC_3_L8GF85	uniprot	ITPR	protist	ITPR2	Acanthamoeba castellanii (strain ATCC 30010 / Neff)		Discosea	3344	InterPro		absent			0	0.0				404
P11881	ITPR1_Mus_musculus_Mouse_P11881	uniprot	ITPR	ITPR1	ITPR1	Mus musculus (Mouse)	Metazoa	Chordata	2749	InterPro		isoform	P11881-8	AF-P11881-8-F1	2694	0.98	0	6	2010-11-30	
P21817	RYR_Homo_sapiens_Human_P21817	uniprot	RYR	RYR	RYR1	Homo sapiens (Human)	Metazoa	Chordata	5038	InterPro		absent			0	0.0				404
P29993	invert_metazoa_Drosophila_melanogaster_Fruit_fly_P29993	uniprot	ITPR	invert_metazoa		Drosophila melanogaster (Fruit fly)	Metazoa	Arthropoda	2837	InterPro		absent			0	0.0				404
P29995	ITPR2_Rattus_norvegicus_Rat_P29995	uniprot	ITPR	ITPR2	ITPR2	Rattus norvegicus (Rat)	Metazoa	Chordata	2701	InterPro		absent			0	0.0				404
P70227	ITPR3_Mus_musculus_Mouse_P70227	uniprot	ITPR	ITPR3	ITPR3	Mus musculus (Mouse)	Metazoa	Chordata	2670	InterPro		full	P70227	AF-P70227-F1	2670	1.0	1	6	2005-10-25	
Q14571	ITPR2_Homo_sapiens_Human_Q14571	uniprot	ITPR	ITPR2	ITPR2	Homo sapiens (Human)	Metazoa	Chordata	2701	InterPro		isoform	Q14571-2	AF-Q14571-2-F1	181	0.067	0	6	2009-09-22	
Q14573	ITPR3_Homo_sapiens_Human_Q14573	uniprot	ITPR	ITPR3	ITPR3	Homo sapiens (Human)	Metazoa	Chordata	2671	InterPro		full	Q14573	AF-Q14573-F1	2671	1.0	1	6	2008-10-14	
Q14643	ITPR1_Homo_sapiens_Human_Q14643	uniprot	ITPR	ITPR1	ITPR1	Homo sapiens (Human)	Metazoa	Chordata	2758	InterPro		isoform	Q14643-4	AF-Q14643-4-F1	2695	0.9772	0	6	2013-06-26	
Q15413	RYR_Homo_sapiens_Human_Q15413	uniprot	RYR	RYR	RYR3	Homo sapiens (Human)	Metazoa	Chordata	4870	InterPro		absent			0	0.0				404
Q24498	RYR_Drosophila_melanogaster_Fruit_fly_Q24498	uniprot	RYR	RYR		Drosophila melanogaster (Fruit fly)	Metazoa	Arthropoda	5127	InterPro		absent			0	0.0				404
Q63269	ITPR3_Rattus_norvegicus_Rat_Q63269	uniprot	ITPR	ITPR3	ITPR3	Rattus norvegicus (Rat)	Metazoa	Chordata	2670	InterPro		full	Q63269	AF-Q63269-F1	2670	1.0	1	6	1996-11-01	
Q8TA74	RYR_Hemicentrotus_pulcherrimus_Sea_urchin__Q8TA74	uniprot	RYR	RYR		Hemicentrotus pulcherrimus (Sea urchin) (Strongylocentrotus pulcherrimus)	Metazoa	Echinodermata	5317	InterPro		absent			0	0.0				404
Q8WSR4	invert_metazoa_Patiria_pectinifera_Starfish_Asterina__Q8WSR4	uniprot	ITPR	invert_metazoa		Patiria pectinifera (Starfish) (Asterina pectinifera)	Metazoa	Echinodermata	2698	InterPro		full	Q8WSR4	AF-Q8WSR4-F1	2698	1.0	1	6	2002-03-01	
Q92736	RYR_Homo_sapiens_Human_Q92736	uniprot	RYR	RYR	RYR2	Homo sapiens (Human)	Metazoa	Chordata	4967	InterPro		absent			0	0.0				404
Q94279	RYR_Caenorhabditis_elegans_Q94279	uniprot	RYR	RYR		Caenorhabditis elegans	Metazoa	Nematoda	5201	InterPro		absent			0	0.0				404
Q9NA13	protist_Dictyostelium_discoideum_Social_amoeba_Q9NA13	uniprot	ITPR	protist		Dictyostelium discoideum (Social amoeba)		Evosea	3177	InterPro		absent			0	0.0				404
Q9TU34	ITPR1_Bos_taurus_Bovine_Q9TU34	uniprot	ITPR	ITPR1	ITPR1	Bos taurus (Bovine)	Metazoa	Chordata	2709	InterPro		absent			0	0.0				404
Q9Y0A1	invert_metazoa_Caenorhabditis_elegans_Q9Y0A1	uniprot	ITPR	invert_metazoa		Caenorhabditis elegans	Metazoa	Nematoda	2892	InterPro		isoform	Q9Y0A1-5	AF-Q9Y0A1-5-F1	1713	0.5923	0	6	1999-11-01	
Q9Z329	ITPR2_Mus_musculus_Mouse_Q9Z329	uniprot	ITPR	ITPR2	ITPR2	Mus musculus (Mouse)	Metazoa	Chordata	2701	InterPro		isoform	Q9Z329-3	AF-Q9Z329-3-F1	2668	0.9878	0	6	2011-07-27	
R7TPX0	invert_metazoa_Capitella_teleta_Polychaete_worm_R7TPX0	uniprot	ITPR	invert_metazoa		Capitella teleta (Polychaete worm)	Metazoa	Annelida	2718	InterPro		absent			0	0.0				404
R9S1J3	invert_metazoa_Dugesia_japonica_Planarian_R9S1J3	uniprot	ITPR	invert_metazoa		Dugesia japonica (Planarian)	Metazoa	Platyhelminthes	2666	InterPro		absent			0	0.0				404
T0QLN2	protist_Saprolegnia_diclina_strain_VS20_T0QLN2	uniprot	ITPR	protist		Saprolegnia diclina (strain VS20)		Oomycota	2786	InterPro		absent			0	0.0				404
