contig_n50_floor	vclass	n_genomes_in_scope	n_retained	frac_of_class_retained	share_of_retained_scope
0	Actinopteri	88	88	1.0	0.2848
0	Amphibia	8	8	1.0	0.0259
0	Aves	152	152	1.0	0.4919
0	Chondrichthyes	12	12	1.0	0.0388
0	Cladistia	1	1	1.0	0.0032
0	Coelacanthimorpha	1	1	1.0	0.0032
0	Crocodylia	1	1	1.0	0.0032
0	Dipnoi	1	1	1.0	0.0032
0	Hyperoartia	1	1	1.0	0.0032
0	Lepidosauria	5	5	1.0	0.0162
0	Mammalia	37	37	1.0	0.1197
0	Myxini	1	1	1.0	0.0032
0	Testudines	1	1	1.0	0.0032
10000	Actinopteri	88	86	0.9773	0.2876
10000	Amphibia	8	8	1.0	0.0268
10000	Aves	152	145	0.9539	0.4849
10000	Chondrichthyes	12	12	1.0	0.0401
10000	Cladistia	1	1	1.0	0.0033
10000	Coelacanthimorpha	1	1	1.0	0.0033
10000	Crocodylia	1	1	1.0	0.0033
10000	Dipnoi	1	1	1.0	0.0033
10000	Hyperoartia	1	1	1.0	0.0033
10000	Lepidosauria	5	5	1.0	0.0167
10000	Mammalia	37	36	0.973	0.1204
10000	Myxini	1	1	1.0	0.0033
10000	Testudines	1	1	1.0	0.0033
20000	Actinopteri	88	79	0.8977	0.2811
20000	Amphibia	8	8	1.0	0.0285
20000	Aves	152	135	0.8882	0.4804
20000	Chondrichthyes	12	12	1.0	0.0427
20000	Cladistia	1	1	1.0	0.0036
20000	Coelacanthimorpha	1	1	1.0	0.0036
20000	Crocodylia	1	1	1.0	0.0036
20000	Dipnoi	1	1	1.0	0.0036
20000	Hyperoartia	1	1	1.0	0.0036
20000	Lepidosauria	5	5	1.0	0.0178
20000	Mammalia	37	35	0.9459	0.1246
20000	Myxini	1	1	1.0	0.0036
20000	Testudines	1	1	1.0	0.0036
50000	Actinopteri	88	78	0.8864	0.3421
50000	Amphibia	8	8	1.0	0.0351
50000	Aves	152	88	0.5789	0.386
50000	Chondrichthyes	12	12	1.0	0.0526
50000	Cladistia	1	1	1.0	0.0044
50000	Coelacanthimorpha	1	1	1.0	0.0044
50000	Crocodylia	1	1	1.0	0.0044
50000	Dipnoi	1	1	1.0	0.0044
50000	Hyperoartia	1	1	1.0	0.0044
50000	Lepidosauria	5	3	0.6	0.0132
50000	Mammalia	37	32	0.8649	0.1404
50000	Myxini	1	1	1.0	0.0044
50000	Testudines	1	1	1.0	0.0044
100000	Actinopteri	88	78	0.8864	0.4021
100000	Amphibia	8	8	1.0	0.0412
100000	Aves	152	55	0.3618	0.2835
100000	Chondrichthyes	12	12	1.0	0.0619
100000	Cladistia	1	1	1.0	0.0052
100000	Coelacanthimorpha	1	1	1.0	0.0052
100000	Crocodylia	1	1	1.0	0.0052
100000	Dipnoi	1	1	1.0	0.0052
100000	Hyperoartia	1	1	1.0	0.0052
100000	Lepidosauria	5	3	0.6	0.0155
100000	Mammalia	37	31	0.8378	0.1598
100000	Myxini	1	1	1.0	0.0052
100000	Testudines	1	1	1.0	0.0052
142212	Actinopteri	88	78	0.8864	0.4127
142212	Amphibia	8	8	1.0	0.0423
142212	Aves	152	51	0.3355	0.2698
142212	Chondrichthyes	12	12	1.0	0.0635
142212	Cladistia	1	1	1.0	0.0053
142212	Coelacanthimorpha	1	1	1.0	0.0053
142212	Crocodylia	1	1	1.0	0.0053
142212	Dipnoi	1	1	1.0	0.0053
142212	Hyperoartia	1	1	1.0	0.0053
142212	Lepidosauria	5	3	0.6	0.0159
142212	Mammalia	37	30	0.8108	0.1587
142212	Myxini	1	1	1.0	0.0053
142212	Testudines	1	1	1.0	0.0053
200000	Actinopteri	88	78	0.8864	0.4171
200000	Amphibia	8	8	1.0	0.0428
200000	Aves	152	50	0.3289	0.2674
200000	Chondrichthyes	12	12	1.0	0.0642
200000	Cladistia	1	1	1.0	0.0053
200000	Coelacanthimorpha	1	1	1.0	0.0053
200000	Crocodylia	1	1	1.0	0.0053
200000	Dipnoi	1	1	1.0	0.0053
200000	Hyperoartia	1	1	1.0	0.0053
200000	Lepidosauria	5	2	0.4	0.0107
200000	Mammalia	37	30	0.8108	0.1604
200000	Myxini	1	1	1.0	0.0053
200000	Testudines	1	1	1.0	0.0053
500000	Actinopteri	88	75	0.8523	0.4167
500000	Amphibia	8	8	1.0	0.0444
500000	Aves	152	48	0.3158	0.2667
500000	Chondrichthyes	12	12	1.0	0.0667
500000	Cladistia	1	1	1.0	0.0056
500000	Coelacanthimorpha	1	1	1.0	0.0056
500000	Crocodylia	1	1	1.0	0.0056
500000	Dipnoi	1	1	1.0	0.0056
500000	Hyperoartia	1	1	1.0	0.0056
500000	Lepidosauria	5	2	0.4	0.0111
500000	Mammalia	37	28	0.7568	0.1556
500000	Myxini	1	1	1.0	0.0056
500000	Testudines	1	1	1.0	0.0056
1000000	Actinopteri	88	66	0.75	0.3929
1000000	Amphibia	8	6	0.75	0.0357
1000000	Aves	152	48	0.3158	0.2857
1000000	Chondrichthyes	12	12	1.0	0.0714
1000000	Cladistia	1	1	1.0	0.006
1000000	Coelacanthimorpha	1	1	1.0	0.006
1000000	Crocodylia	1	1	1.0	0.006
1000000	Dipnoi	1	1	1.0	0.006
1000000	Hyperoartia	1	1	1.0	0.006
1000000	Lepidosauria	5	2	0.4	0.0119
1000000	Mammalia	37	28	0.7568	0.1667
1000000	Myxini	1	0	0.0	0.0
1000000	Testudines	1	1	1.0	0.006
2000000	Actinopteri	88	55	0.625	0.3595
2000000	Amphibia	8	6	0.75	0.0392
2000000	Aves	152	48	0.3158	0.3137
2000000	Chondrichthyes	12	10	0.8333	0.0654
2000000	Cladistia	1	1	1.0	0.0065
2000000	Coelacanthimorpha	1	1	1.0	0.0065
2000000	Crocodylia	1	1	1.0	0.0065
2000000	Dipnoi	1	0	0.0	0.0
2000000	Hyperoartia	1	1	1.0	0.0065
2000000	Lepidosauria	5	2	0.4	0.0131
2000000	Mammalia	37	27	0.7297	0.1765
2000000	Myxini	1	0	0.0	0.0
2000000	Testudines	1	1	1.0	0.0065
5000000	Actinopteri	88	35	0.3977	0.3125
5000000	Amphibia	8	3	0.375	0.0268
5000000	Aves	152	41	0.2697	0.3661
5000000	Chondrichthyes	12	5	0.4167	0.0446
5000000	Cladistia	1	1	1.0	0.0089
5000000	Coelacanthimorpha	1	1	1.0	0.0089
5000000	Crocodylia	1	1	1.0	0.0089
5000000	Dipnoi	1	0	0.0	0.0
5000000	Hyperoartia	1	0	0.0	0.0
5000000	Lepidosauria	5	2	0.4	0.0179
5000000	Mammalia	37	22	0.5946	0.1964
5000000	Myxini	1	0	0.0	0.0
5000000	Testudines	1	1	1.0	0.0089
10000000	Actinopteri	88	30	0.3409	0.3191
10000000	Amphibia	8	2	0.25	0.0213
10000000	Aves	152	37	0.2434	0.3936
10000000	Chondrichthyes	12	1	0.0833	0.0106
10000000	Cladistia	1	0	0.0	0.0
10000000	Coelacanthimorpha	1	1	1.0	0.0106
10000000	Crocodylia	1	1	1.0	0.0106
10000000	Dipnoi	1	0	0.0	0.0
10000000	Hyperoartia	1	0	0.0	0.0
10000000	Lepidosauria	5	1	0.2	0.0106
10000000	Mammalia	37	21	0.5676	0.2234
10000000	Myxini	1	0	0.0	0.0
10000000	Testudines	1	0	0.0	0.0
20000000	Actinopteri	88	17	0.1932	0.3208
20000000	Amphibia	8	0	0.0	0.0
20000000	Aves	152	17	0.1118	0.3208
20000000	Chondrichthyes	12	0	0.0	0.0
20000000	Cladistia	1	0	0.0	0.0
20000000	Coelacanthimorpha	1	1	1.0	0.0189
20000000	Crocodylia	1	1	1.0	0.0189
20000000	Dipnoi	1	0	0.0	0.0
20000000	Hyperoartia	1	0	0.0	0.0
20000000	Lepidosauria	5	1	0.2	0.0189
20000000	Mammalia	37	16	0.4324	0.3019
20000000	Myxini	1	0	0.0	0.0
20000000	Testudines	1	0	0.0	0.0
50000000	Actinopteri	88	2	0.0227	0.1333
50000000	Amphibia	8	0	0.0	0.0
50000000	Aves	152	2	0.0132	0.1333
50000000	Chondrichthyes	12	0	0.0	0.0
50000000	Cladistia	1	0	0.0	0.0
50000000	Coelacanthimorpha	1	0	0.0	0.0
50000000	Crocodylia	1	0	0.0	0.0
50000000	Dipnoi	1	0	0.0	0.0
50000000	Hyperoartia	1	0	0.0	0.0
50000000	Lepidosauria	5	1	0.2	0.0667
50000000	Mammalia	37	10	0.2703	0.6667
50000000	Myxini	1	0	0.0	0.0
50000000	Testudines	1	0	0.0	0.0
